hostname,suffix,country_code,country
in.gov,gov,US,United States of America
texas.gov,gov,US,United States of America
nyc.gov,gov,US,United States of America
ny.gov,gov,US,United States of America
cms.gov,gov,US,United States of America
illinois.gov,gov,US,United States of America
tn.gov,gov,US,United States of America
mn.gov,gov,US,United States of America
ga.gov,gov,US,United States of America
edb.gov.sg,gov.sg,SG,Singapore
state.gov,gov,US,United States of America
la.gov,gov,US,United States of America
gsa.gov,gov,US,United States of America
wa.gov,gov,US,United States of America
dhs.gov,gov,US,United States of America
faa.gov,gov,US,United States of America
usda.gov,gov,US,United States of America
sc.gov,gov,US,United States of America
ok.gov,gov,US,United States of America
chicago.gov,gov,US,United States of America
hhs.gov,gov,US,United States of America
arkansas.gov,gov,US,United States of America
cdc.gov,gov,US,United States of America
txdot.gov,gov,US,United States of America
ct.gov,gov,US,United States of America
studyinnewzealand.govt.nz,govt.nz,NZ,New Zealand
ed.gov,gov,US,United States of America
sandiegocounty.gov,gov,US,United States of America
nd.gov,gov,US,United States of America
loudoun.gov,gov,US,United States of America
census.gov,gov,US,United States of America
nsf.gov,gov,US,United States of America
lacounty.gov,gov,US,United States of America
treasury.gov,gov,US,United States of America
stb.gov.sg,gov.sg,SG,Singapore
gouv.qc.ca,qc.ca,CA,Canada
usaid.gov,gov,US,United States of America
iowa.gov,gov,US,United States of America
business.govt.nz,govt.nz,NZ,New Zealand
louisiana.gov,gov,US,United States of America
ato.gov.au,gov.au,AU,Australia
oklahoma.gov,gov,US,United States of America
jfc.go.jp,go.jp,JP,Japan
cpf.gov.sg,gov.sg,SG,Singapore
crowncommercial.gov.uk,gov.uk,GB,United Kingdom
cancer.gov,gov,US,United States of America
nzte.govt.nz,govt.nz,NZ,New Zealand
ks.gov,gov,US,United States of America
enz.govt.nz,govt.nz,NZ,New Zealand
ms.gov,gov,US,United States of America
nc.gov,gov,US,United States of America
miamidade.gov,gov,US,United States of America
london.gov.uk,gov.uk,GB,United Kingdom
alabama.gov,gov,US,United States of America
georgia.gov,gov,US,United States of America
michigan.gov,gov,US,United States of America
dot.gov,gov,US,United States of America
studywithnewzealand.govt.nz,govt.nz,NZ,New Zealand
sl.on.ca,on.ca,CA,Canada
healthcare.gov,gov,US,United States of America
myskillsfuture.gov.sg,gov.sg,SG,Singapore
pnnl.gov,gov,US,United States of America
odishatourism.gov.in,gov.in,IN,India
nh.gov,gov,US,United States of America
efic.gov.au,gov.au,AU,Australia
nt.gov.au,gov.au,AU,Australia
nga.gov,gov,US,United States of America
exportfinance.gov.au,gov.au,AU,Australia
hawaii.gov,gov,US,United States of America
bom.gov.au,gov.au,AU,Australia
australia.gov.au,gov.au,AU,Australia
business.gov.au,gov.au,AU,Australia
usmint.gov,gov,US,United States of America
bandung.go.id,go.id,ID,Indonesia
gov.ab.ca,ab.ca,CA,Canada
medicare.gov,gov,US,United States of America
education.gov.uk,gov.uk,GB,United Kingdom
lta.gov.sg,gov.sg,SG,Singapore
disa.mil,mil,US,United States of America
af.mil,mil,US,United States of America
doe.gov,gov,US,United States of America
ne.gov,gov,US,United States of America
tdf.gov.sa,gov.sa,SA,Saudi Arabia
orlando.gov,gov,US,United States of America
blm.gov,gov,US,United States of America
esdm.go.id,go.id,ID,Indonesia
tfl.gov.uk,gov.uk,GB,United Kingdom
consumerfinance.gov,gov,US,United States of America
america.gov,gov,US,United States of America
dol.gov,gov,US,United States of America
social.gouv.fr,gouv.fr,FR,France
gpo.gov,gov,US,United States of America
ornl.gov,gov,US,United States of America
health.mil,mil,US,United States of America
casa.gov.au,gov.au,AU,Australia
dfat.gov.au,gov.au,AU,Australia
sd.gov,gov,US,United States of America
efiletexas.gov,gov,US,United States of America
uscourts.gov,gov,US,United States of America
nagb.gov,gov,US,United States of America
exim.gov,gov,US,United States of America
ssa.gov,gov,US,United States of America
gba.gov.ar,gov.ar,AR,Argentina
kkp.go.id,go.id,ID,Indonesia
ipaustralia.gov.au,gov.au,AU,Australia
mcrc.on.ca,on.ca,CA,Canada
leicester.gov.uk,gov.uk,GB,United Kingdom
sourcewell-mn.gov,gov,US,United States of America
fema.gov,gov,US,United States of America
nbed.nb.ca,nb.ca,CA,Canada
aucklandcouncil.govt.nz,govt.nz,NZ,New Zealand
usgs.gov,gov,US,United States of America
nzdfsavings.mil.nz,mil.nz,NZ,New Zealand
va.gov,gov,US,United States of America
kotabogor.go.id,go.id,ID,Indonesia
gov.bc.ca,bc.ca,CA,Canada
cbp.gov,gov,US,United States of America
lbl.gov,gov,US,United States of America
boston.gov,gov,US,United States of America
lanl.gov,gov,US,United States of America
camden.gov.uk,gov.uk,GB,United Kingdom
dla.mil,mil,US,United States of America
nga.mil,mil,US,United States of America
mt.gov,gov,US,United States of America
mesaaz.gov,gov,US,United States of America
chf.bc.ca,bc.ca,CA,Canada
soquij.qc.ca,qc.ca,CA,Canada
usa.gov,gov,US,United States of America
seab.gov.sg,gov.sg,SG,Singapore
msd.govt.nz,govt.nz,NZ,New Zealand
rajasthan.gov.in,gov.in,IN,India
sba.gov,gov,US,United States of America
tpcu.on.ca,on.ca,CA,Canada
pertanian.go.id,go.id,ID,Indonesia
mof.gov.il,gov.il,IL,Israel
osd.mil,mil,US,United States of America
sandia.gov,gov,US,United States of America
uscg.mil,mil,US,United States of America
tech.gov.sg,gov.sg,SG,Singapore
moadoph.gov.au,gov.au,AU,Australia
justice.gov.uk,gov.uk,GB,United Kingdom
esante.gouv.fr,gouv.fr,FR,France
adek.gov.ae,gov.ae,AE,United Arab Emirates
anl.gov,gov,US,United States of America
bop.gov,gov,US,United States of America
fl.gov,gov,US,United States of America
wirral.gov.uk,gov.uk,GB,United Kingdom
fdic.gov,gov,US,United States of America
vi.gov,gov,US,United States of America
guilfordcountync.gov,gov,US,United States of America
dodig.mil,mil,US,United States of America
police.gov.sg,gov.sg,SG,Singapore
aylesburyvaledc.gov.uk,gov.uk,GB,United Kingdom
nashville.gov,gov,US,United States of America
alaska.gov,gov,US,United States of America
nla.gov.au,gov.au,AU,Australia
cityofpleasantonca.gov,gov,US,United States of America
ri.gov,gov,US,United States of America
pa.gov,gov,US,United States of America
guildford.gov.uk,gov.uk,GB,United Kingdom
daytonohio.gov,gov,US,United States of America
epa.gov,gov,US,United States of America
lasvegasnevada.gov,gov,US,United States of America
harbourtrust.gov.au,gov.au,AU,Australia
az.gov,gov,US,United States of America
westminster.gov.uk,gov.uk,GB,United Kingdom
dhsc.gov.uk,gov.uk,GB,United Kingdom
centcom.mil,mil,US,United States of America
dcma.mil,mil,US,United States of America
pacom.mil,mil,US,United States of America
telangana.gov.in,gov.in,IN,India
iras.gov.sg,gov.sg,SG,Singapore
deldot.gov,gov,US,United States of America
gov.gy,gov.gy,GY,Guyana
translatedterms.gov.sg,gov.sg,SG,Singapore
dubaitourism.gov.ae,gov.ae,AE,United Arab Emirates
education.gouv.fr,gouv.fr,FR,France
whs.mil,mil,US,United States of America
northcom.mil,mil,US,United States of America
dma.mil,mil,US,United States of America
pr.gov,gov,US,United States of America
austintexas.gov,gov,US,United States of America
ccc.govt.nz,govt.nz,NZ,New Zealand
openinnovationnetwork.gov.sg,gov.sg,SG,Singapore
tarrantcountytx.gov,gov,US,United States of America
whitehouse.gov,gov,US,United States of America
callaghaninnovation.govt.nz,govt.nz,NZ,New Zealand
id.gov,gov,US,United States of America
acra.gov.sg,gov.sg,SG,Singapore
interieur.gouv.fr,gouv.fr,FR,France
ice.gov,gov,US,United States of America
colorado.gov,gov,US,United States of America
pentagon.mil,mil,US,United States of America
slemankab.go.id,go.id,ID,Indonesia
leeds.gov.uk,gov.uk,GB,United Kingdom
energy.gov,gov,US,United States of America
usagm.gov,gov,US,United States of America
gov.pe.ca,pe.ca,CA,Canada
parcmarin.qc.ca,qc.ca,CA,Canada
mse.gov.il,gov.il,IL,Israel
bawaslu.go.id,go.id,ID,Indonesia
sportsingapore.gov.sg,gov.sg,SG,Singapore
louisvilleky.gov,gov,US,United States of America
mpa.gov.sg,gov.sg,SG,Singapore
hackney.gov.uk,gov.uk,GB,United Kingdom
columbus.gov,gov,US,United States of America
sandiego.gov,gov,US,United States of America
nist.gov,gov,US,United States of America
jatimprov.go.id,go.id,ID,Indonesia
chesterfield.gov.uk,gov.uk,GB,United Kingdom
arm.gov,gov,US,United States of America
apsjobs.gov.au,gov.au,AU,Australia
loc.gov,gov,US,United States of America
jetro.go.jp,go.jp,JP,Japan
maidstone.gov.uk,gov.uk,GB,United Kingdom
mass.gov,gov,US,United States of America
brent.gov.uk,gov.uk,GB,United Kingdom
oregon.gov,gov,US,United States of America
at.govt.nz,govt.nz,NZ,New Zealand
hrsa.gov,gov,US,United States of America
nationalarchives.gov.uk,gov.uk,GB,United Kingdom
llnl.gov,gov,US,United States of America
education.govt.nz,govt.nz,NZ,New Zealand
elections.on.ca,on.ca,CA,Canada
sheridanc.on.ca,on.ca,CA,Canada
eb.mil.br,mil.br,BR,Brazil
ap.gov.in,gov.in,IN,India
foreignarrangements.gov.au,gov.au,AU,Australia
txcourts.gov,gov,US,United States of America
aph.gov.au,gov.au,AU,Australia
cabq.gov,gov,US,United States of America
cdmx.gob.mx,gob.mx,MX,Mexico
maryville-tn.gov,gov,US,United States of America
harrow.gov.uk,gov.uk,GB,United Kingdom
oaklandca.gov,gov,US,United States of America
ashevillenc.gov,gov,US,United States of America
ansto.gov.au,gov.au,AU,Australia
buystateoftnsurplus.gov,gov,US,United States of America
kidcentraltennessee.gov,gov,US,United States of America
kidcentraltn.gov,gov,US,United States of America
tnk12.gov,gov,US,United States of America
mindef.gov.sg,gov.sg,SG,Singapore
iowaculture.gov,gov,US,United States of America
nj.gov,gov,US,United States of America
emploi.gouv.fr,gouv.fr,FR,France
metoffice.gov.uk,gov.uk,GB,United Kingdom
ecgd.gov.uk,gov.uk,GB,United Kingdom
phoenix.gov,gov,US,United States of America
mas.gov.sg,gov.sg,SG,Singapore
espacesverts.qc.ca,qc.ca,CA,Canada
riversideca.gov,gov,US,United States of America
pharmac.govt.nz,govt.nz,NZ,New Zealand
uscis.gov,gov,US,United States of America
santabarbaraca.gov,gov,US,United States of America
nps.gov,gov,US,United States of America
careshieldlife.gov.sg,gov.sg,SG,Singapore
foundersmemorial.gov.sg,gov.sg,SG,Singapore
cloud.gov,gov,US,United States of America
voa.gov,gov,US,United States of America
polri.go.id,go.id,ID,Indonesia
serpro.gov.br,gov.br,BR,Brazil
agriculture.gov.au,gov.au,AU,Australia
enterprisesg.gov.sg,gov.sg,SG,Singapore
mom.gov.sg,gov.sg,SG,Singapore
ird.govt.nz,govt.nz,NZ,New Zealand
caas.gov.sg,gov.sg,SG,Singapore
hants.gov.uk,gov.uk,GB,United Kingdom
iowaaging.gov,gov,US,United States of America
bernco.gov,gov,US,United States of America
ros.gov.uk,gov.uk,GB,United Kingdom
ohiodnr.gov,gov,US,United States of America
funcionpublica.gob.mx,gob.mx,MX,Mexico
amsa.gov.au,gov.au,AU,Australia
eody.gov.gr,gov.gr,GR,Greece
civilservice.gov.uk,gov.uk,GB,United Kingdom
ica.gov.sg,gov.sg,SG,Singapore
mecon.gov.ar,gov.ar,AR,Argentina
uspto.gov,gov,US,United States of America
economie.gouv.fr,gouv.fr,FR,France
nma.gov.au,gov.au,AU,Australia
cilacapkab.go.id,go.id,ID,Indonesia
scu.mb.ca,mb.ca,CA,Canada
cpso.on.ca,on.ca,CA,Canada
culture.gouv.fr,gouv.fr,FR,France
acecqa.gov.au,gov.au,AU,Australia
sep.gob.mx,gob.mx,MX,Mexico
fse.gouv.fr,gouv.fr,FR,France
eastleigh.gov.uk,gov.uk,GB,United Kingdom
nersc.gov,gov,US,United States of America
fnal.gov,gov,US,United States of America
apprenticeships.gov.uk,gov.uk,GB,United Kingdom
jatengprov.go.id,go.id,ID,Indonesia
hud.gov,gov,US,United States of America
nurses.ab.ca,ab.ca,CA,Canada
dentoncounty.gov,gov,US,United States of America
mci.gov.sg,gov.sg,SG,Singapore
cegep-ste-foy.qc.ca,qc.ca,CA,Canada
tel-aviv.gov.il,gov.il,IL,Israel
usbr.gov,gov,US,United States of America
recettes.qc.ca,qc.ca,CA,Canada
buenosaires.gob.ar,gob.ar,AR,Argentina
jnto.go.jp,go.jp,JP,Japan
chateauguay.qc.ca,qc.ca,CA,Canada
studentaid.gov,gov,US,United States of America
cmpb.gov.sg,gov.sg,SG,Singapore
howardcountymd.gov,gov,US,United States of America
nrc.gov,gov,US,United States of America
ihs.gov,gov,US,United States of America
magelangkab.go.id,go.id,ID,Indonesia
santamonica.gov,gov,US,United States of America
judiciary.gov.sg,gov.sg,SG,Singapore
mot.gov.sg,gov.sg,SG,Singapore
gresikkab.go.id,go.id,ID,Indonesia
nebraska.gov,gov,US,United States of America
dyersburgtn.gov,gov,US,United States of America
tsp.gov,gov,US,United States of America
psc.gov.sg,gov.sg,SG,Singapore
smokefree.gov,gov,US,United States of America
kpu.go.id,go.id,ID,Indonesia
centrelink.gov.au,gov.au,AU,Australia
charlottenc.gov,gov,US,United States of America
bea.gov,gov,US,United States of America
rejanglebongkab.go.id,go.id,ID,Indonesia
shurooq.gov.ae,gov.ae,AE,United Arab Emirates
startupindia.gov.in,gov.in,IN,India
redmond.gov,gov,US,United States of America
peacecorps.gov,gov,US,United States of America
doc.govt.nz,govt.nz,NZ,New Zealand
mesquitenv.gov,gov,US,United States of America
pacificaussports.gov.au,gov.au,AU,Australia
papcom.qc.ca,qc.ca,CA,Canada
ukexportfinance.gov.uk,gov.uk,GB,United Kingdom
fda.gov,gov,US,United States of America
oh.gov,gov,US,United States of America
stopbullying.gov,gov,US,United States of America
agid.gov.it,gov.it,IT,Italy
canceraustralia.gov.au,gov.au,AU,Australia
wgea.gov.au,gov.au,AU,Australia
cirebonkota.go.id,go.id,ID,Indonesia
austrade.gov.au,gov.au,AU,Australia
vermont.gov,gov,US,United States of America
pncc.govt.nz,govt.nz,NZ,New Zealand
hertfordshire.gov.uk,gov.uk,GB,United Kingdom
atlantaga.gov,gov,US,United States of America
mnd.gov.sg,gov.sg,SG,Singapore
jogjaprov.go.id,go.id,ID,Indonesia
pppl.gov,gov,US,United States of America
dephub.go.id,go.id,ID,Indonesia
crosemont.qc.ca,qc.ca,CA,Canada
lewisham.gov.uk,gov.uk,GB,United Kingdom
ncifcrf.gov,gov,US,United States of America
portlandoregon.gov,gov,US,United States of America
nopsema.gov.au,gov.au,AU,Australia
baltimorecountymd.gov,gov,US,United States of America
service-civique.gouv.fr,gouv.fr,FR,France
osmre.gov,gov,US,United States of America
indy.gov,gov,US,United States of America
dren.mil,mil,US,United States of America
sfa.gov.sg,gov.sg,SG,Singapore
cincinnati-oh.gov,gov,US,United States of America
usps.gov,gov,US,United States of America
reach.gov.sg,gov.sg,SG,Singapore
bouldercolorado.gov,gov,US,United States of America
sidoarjokab.go.id,go.id,ID,Indonesia
sgdi.gov.sg,gov.sg,SG,Singapore
sukabumikab.go.id,go.id,ID,Indonesia
cle.bc.ca,bc.ca,CA,Canada
islington.gov.uk,gov.uk,GB,United Kingdom
lacitec.on.ca,on.ca,CA,Canada
bangkok.go.th,go.th,TH,Thailand
cambridgema.gov,gov,US,United States of America
vaniercollege.qc.ca,qc.ca,CA,Canada
sgsecure.gov.sg,gov.sg,SG,Singapore
nypa.gov,gov,US,United States of America
blorakab.go.id,go.id,ID,Indonesia
rtvc.gov.co,gov.co,CO,Colombia
lambeth.gov.uk,gov.uk,GB,United Kingdom
syzefxis.gov.gr,gov.gr,GR,Greece
numerique.gouv.fr,gouv.fr,FR,France
doa.gov.my,gov.my,MY,Malaysia
krb.go.ke,go.ke,KE,Kenya
francenum.gouv.fr,gouv.fr,FR,France
copyright.gov,gov,US,United States of America
rockyview.ab.ca,ab.ca,CA,Canada
volunteer.gov,gov,US,United States of America
fortworthtexas.gov,gov,US,United States of America
diplomatie.gouv.fr,gouv.fr,FR,France
phe.gov.uk,gov.uk,GB,United Kingdom
sba.gov.sa,gov.sa,SA,Saudi Arabia
sd83.bc.ca,bc.ca,CA,Canada
myagedcare.gov.au,gov.au,AU,Australia
pnl.gov,gov,US,United States of America
rada.gov.ua,gov.ua,UA,Ukraine
ncss.gov.sg,gov.sg,SG,Singapore
moph.go.th,go.th,TH,Thailand
beta.gouv.fr,gouv.fr,FR,France
sukoharjokab.go.id,go.id,ID,Indonesia
bandungkab.go.id,go.id,ID,Indonesia
chelmsford.gov.uk,gov.uk,GB,United Kingdom
papua.go.id,go.id,ID,Indonesia
sicc.gov.sg,gov.sg,SG,Singapore
ameslab.gov,gov,US,United States of America
banjarnegarakab.go.id,go.id,ID,Indonesia
canterbury.gov.uk,gov.uk,GB,United Kingdom
coag.gov,gov,US,United States of America
medicaid.gov,gov,US,United States of America
faasafety.gov,gov,US,United States of America
midsussex.gov.uk,gov.uk,GB,United Kingdom
padang.go.id,go.id,ID,Indonesia
2020census.gov,gov,US,United States of America
ace-hta.gov.sg,gov.sg,SG,Singapore
agd.gov.sg,gov.sg,SG,Singapore
ipos.gov.sg,gov.sg,SG,Singapore
caringcommuters.gov.sg,gov.sg,SG,Singapore
enterprisejobskills.gov.sg,gov.sg,SG,Singapore
clc.gov.sg,gov.sg,SG,Singapore
cleanenvirosummit.gov.sg,gov.sg,SG,Singapore
cnb.gov.sg,gov.sg,SG,Singapore
comchest.gov.sg,gov.sg,SG,Singapore
ndf.gov.sg,gov.sg,SG,Singapore
politicassociales.gob.ar,gob.ar,AR,Argentina
syfire.gov.uk,gov.uk,GB,United Kingdom
waitaki.govt.nz,govt.nz,NZ,New Zealand
detroitmi.gov,gov,US,United States of America
columbiasc.gov,gov,US,United States of America
semarangkota.go.id,go.id,ID,Indonesia
singpass.gov.sg,gov.sg,SG,Singapore
gerryboulet.qc.ca,qc.ca,CA,Canada
maine.gov,gov,US,United States of America
inl.gov,gov,US,United States of America
longbeach.gov,gov,US,United States of America
enfield.gov.uk,gov.uk,GB,United Kingdom
kemdikbud.go.id,go.id,ID,Indonesia
leg.bc.ca,bc.ca,CA,Canada
saglik.gov.tr,gov.tr,TR,Türkiye
reporting.gov,gov,US,United States of America
trenggalekkab.go.id,go.id,ID,Indonesia
retirement.govt.nz,govt.nz,NZ,New Zealand
fdacs.gov,gov,US,United States of America
boyolali.go.id,go.id,ID,Indonesia
jaea.go.jp,go.jp,JP,Japan
dataprev.gov.br,gov.br,BR,Brazil
bogorkab.go.id,go.id,ID,Indonesia
pemkomedan.go.id,go.id,ID,Indonesia
siakkab.go.id,go.id,ID,Indonesia
foodsafety.gov,gov,US,United States of America
mha.gov.sg,gov.sg,SG,Singapore
csc.gov.au,gov.au,AU,Australia
bloomingtonmn.gov,gov,US,United States of America
westvirginia.gov,gov,US,United States of America
wiltshire.gov.uk,gov.uk,GB,United Kingdom
walthamforest.gov.uk,gov.uk,GB,United Kingdom
bnl.gov,gov,US,United States of America
ednet.ns.ca,ns.ca,CA,Canada
ecan.govt.nz,govt.nz,NZ,New Zealand
minedu.gob.bo,gob.bo,BO,Bolivia
africom.mil,mil,US,United States of America
grobogan.go.id,go.id,ID,Indonesia
pearlandtx.gov,gov,US,United States of America
mizoram.gov.in,gov.in,IN,India
jst.go.jp,go.jp,JP,Japan
illinoiscourts.gov,gov,US,United States of America
bappenas.go.id,go.id,ID,Indonesia
carergateway.gov.au,gov.au,AU,Australia
reentry.gov,gov,US,United States of America
ncmedicaidplans.gov,gov,US,United States of America
mofnet.gov.pl,gov.pl,PL,Poland
bank.gov.ua,gov.ua,UA,Ukraine
norfolk.gov.uk,gov.uk,GB,United Kingdom
dau.mil,mil,US,United States of America
dtic.mil,mil,US,United States of America
socom.mil,mil,US,United States of America
usmc.mil,mil,US,United States of America
usap.gov,gov,US,United States of America
tmd.go.th,go.th,TH,Thailand
cmaisonneuve.qc.ca,qc.ca,CA,Canada
lsgkerala.gov.in,gov.in,IN,India
fujairahpolice.gov.ae,gov.ae,AE,United Arab Emirates
usdebitcard.gov,gov,US,United States of America
costamesaca.gov,gov,US,United States of America
atf.gov,gov,US,United States of America
investchile.gob.cl,gob.cl,CL,Chile
justice.gov.il,gov.il,IL,Israel
gov.nt.ca,nt.ca,CA,Canada
fultoncountyga.gov,gov,US,United States of America
settled.govt.nz,govt.nz,NZ,New Zealand
rea.govt.nz,govt.nz,NZ,New Zealand
reaa.govt.nz,govt.nz,NZ,New Zealand
blitarkota.go.id,go.id,ID,Indonesia
ga.gov.au,gov.au,AU,Australia
energystar.gov,gov,US,United States of America
eia.gov,gov,US,United States of America
haringey.gov.uk,gov.uk,GB,United Kingdom
policja.gov.pl,gov.pl,PL,Poland
kerala.gov.in,gov.in,IN,India
franklincountyohio.gov,gov,US,United States of America
ustr.gov,gov,US,United States of America
affrc.go.jp,go.jp,JP,Japan
bcb.gov.br,gov.br,BR,Brazil
fs.fed.us,fed.us,US,United States
douglas.bc.ca,bc.ca,CA,Canada
capes.gov.br,gov.br,BR,Brazil
seaside.ns.ca,ns.ca,CA,Canada
mca.gov.in,gov.in,IN,India
cwb.gov.tw,gov.tw,TW,Taiwan
mofcom.gov.cn,gov.cn,CN,China
nict.go.jp,go.jp,JP,Japan
health.gov.au,gov.au,AU,Australia
kalbarprov.go.id,go.id,ID,Indonesia
cemeq.qc.ca,qc.ca,CA,Canada
irs.gov,gov,US,United States of America
kingcounty.gov,gov,US,United States of America
cjf.qc.ca,qc.ca,CA,Canada
sanantonio.gov,gov,US,United States of America
royalgreenwich.gov.uk,gov.uk,GB,United Kingdom
lumajangkab.go.id,go.id,ID,Indonesia
riken.go.jp,go.jp,JP,Japan
tcc.on.ca,on.ca,CA,Canada
sarawak.gov.my,gov.my,MY,Malaysia
layanan.go.id,go.id,ID,Indonesia
nhtsa.gov,gov,US,United States of America
data.gouv.fr,gouv.fr,FR,France
tpgateway.gov.sg,gov.sg,SG,Singapore
ag.gov.au,gov.au,AU,Australia
ar.gov,gov,US,United States of America
nmg.gov.cn,gov.cn,CN,China
dea.gov,gov,US,United States of America
tasikmalayakota.go.id,go.id,ID,Indonesia
buckinghamshire.gov.uk,gov.uk,GB,United Kingdom
banq.qc.ca,qc.ca,CA,Canada
phila.gov,gov,US,United States of America
madiunkab.go.id,go.id,ID,Indonesia
hpc.mil,mil,US,United States of America
ustranscom.mil,mil,US,United States of America
amica.gov.au,gov.au,AU,Australia
lacity.gov,gov,US,United States of America
dwp.gov.uk,gov.uk,GB,United Kingdom
bart.gov,gov,US,United States of America
pandeglangkab.go.id,go.id,ID,Indonesia
cuidadodesalud.gov,gov,US,United States of America
penerangan.gov.my,gov.my,MY,Malaysia
lhsc.on.ca,on.ca,CA,Canada
gra.gov.sg,gov.sg,SG,Singapore
eld.gov.sg,gov.sg,SG,Singapore
corppass.gov.sg,gov.sg,SG,Singapore
service-scolaire.qc.ca,qc.ca,CA,Canada
ibge.gov.br,gov.br,BR,Brazil
sumbarprov.go.id,go.id,ID,Indonesia
sanpedro.gob.mx,gob.mx,MX,Mexico
pesisirselatankab.go.id,go.id,ID,Indonesia
lampungprov.go.id,go.id,ID,Indonesia
blitarkab.go.id,go.id,ID,Indonesia
freepress.mb.ca,mb.ca,CA,Canada
albertacourts.ab.ca,ab.ca,CA,Canada
marsolais.qc.ca,qc.ca,CA,Canada
badungkab.go.id,go.id,ID,Indonesia
fontainedesarts.qc.ca,qc.ca,CA,Canada
bip.gov.pl,gov.pl,PL,Poland
doj.gov,gov,US,United States of America
jcy.gov.cn,gov.cn,CN,China
jingmen.gov.cn,gov.cn,CN,China
hacienda.gob.mx,gob.mx,MX,Mexico
s3waas.gov.in,gov.in,IN,India
sasknet.sk.ca,sk.ca,CA,Canada
hicourt.gov.cn,gov.cn,CN,China
cdldbz.gov.cn,gov.cn,CN,China
payakumbuhkota.go.id,go.id,ID,Indonesia
hurontel.on.ca,on.ca,CA,Canada
cnea.gov.ar,gov.ar,AR,Argentina
cpfb.gov.sg,gov.sg,SG,Singapore
rcil.gov.in,gov.in,IN,India
kemdiknas.go.id,go.id,ID,Indonesia
moe.gov.tw,gov.tw,TW,Taiwan
kuansing.go.id,go.id,ID,Indonesia
kuningankab.go.id,go.id,ID,Indonesia
rtss.qc.ca,qc.ca,CA,Canada
ncsc.mil,mil,US,United States of America
ziyang.gov.cn,gov.cn,CN,China
cbn.gov.ng,gov.ng,NG,Nigeria
huttcity.govt.nz,govt.nz,NZ,New Zealand
tangerangkota.go.id,go.id,ID,Indonesia
library.on.ca,on.ca,CA,Canada
dewa.gov.ae,gov.ae,AE,United Arab Emirates
bellevuewa.gov,gov,US,United States of America
kemenag.go.id,go.id,ID,Indonesia
sisma2016.gov.it,gov.it,IT,Italy
bupi.gov.pt,gov.pt,PT,Portugal
artbank.gov.au,gov.au,AU,Australia
wellingtonfl.gov,gov,US,United States of America
legalaid.on.ca,on.ca,CA,Canada
brucecounty.on.ca,on.ca,CA,Canada
mhlw.go.jp,go.jp,JP,Japan
cor.gov,gov,US,United States of America
wigan.gov.uk,gov.uk,GB,United Kingdom
indianaunclaimed.gov,gov,US,United States of America
e-verify.gov,gov,US,United States of America
caaneo.on.ca,on.ca,CA,Canada
wisconsin.gov,gov,US,United States of America
leucan.qc.ca,qc.ca,CA,Canada
mos.gov.pl,gov.pl,PL,Poland
cdfifund.gov,gov,US,United States of America
wecdsbvc.on.ca,on.ca,CA,Canada
up.gov.in,gov.in,IN,India
health.govt.nz,govt.nz,NZ,New Zealand
edinamn.gov,gov,US,United States of America
organdonor.gov,gov,US,United States of America
defence.gov.au,gov.au,AU,Australia
prochile.gob.cl,gob.cl,CL,Chile
cmha.bc.ca,bc.ca,CA,Canada
moh.gov.sg,gov.sg,SG,Singapore
antrimandnewtownabbey.gov.uk,gov.uk,GB,United Kingdom
drive.govt.nz,govt.nz,NZ,New Zealand
sanmanuel-nsn.gov,gov,US,United States of America
moe.gov.sg,gov.sg,SG,Singapore
aiatsis.gov.au,gov.au,AU,Australia
imda.gov.sg,gov.sg,SG,Singapore
abs.gov.au,gov.au,AU,Australia
iowadnr.gov,gov,US,United States of America
insurekidsnow.gov,gov,US,United States of America
paducahky.gov,gov,US,United States of America
ot.govt.nz,govt.nz,NZ,New Zealand
wyo.gov,gov,US,United States of America
poriruacity.govt.nz,govt.nz,NZ,New Zealand
mycareersfuture.gov.sg,gov.sg,SG,Singapore
fcc.gov,gov,US,United States of America
hmrc.gov.uk,gov.uk,GB,United Kingdom
stpauls.mb.ca,mb.ca,CA,Canada
ostp.gov,gov,US,United States of America
mygateway.gov.bs,gov.bs,BS,Bahamas
git.qc.ca,qc.ca,CA,Canada
americaslibrary.gov,gov,US,United States of America
spaceflorida.gov,gov,US,United States of America
amarillo.gov,gov,US,United States of America
charlottesville.gov,gov,US,United States of America
acma.gov.au,gov.au,AU,Australia
marylandhealthconnection.gov,gov,US,United States of America
dta.gov.au,gov.au,AU,Australia
soumu.go.jp,go.jp,JP,Japan
roundrocktexas.gov,gov,US,United States of America
india-water.gov.in,gov.in,IN,India
friaa.ab.ca,ab.ca,CA,Canada
kemenkeu.go.id,go.id,ID,Indonesia
fna.gov.co,gov.co,CO,Colombia
alexandriava.gov,gov,US,United States of America
suffolk.gov.uk,gov.uk,GB,United Kingdom
aims.gov.au,gov.au,AU,Australia
houstontx.gov,gov,US,United States of America
dni.gov,gov,US,United States of America
fza.gov.qa,gov.qa,QA,Qatar
gobiernousa.gov,gov,US,United States of America
mnre.gov.in,gov.in,IN,India
tazkirim.gov.il,gov.il,IL,Israel
iac.gov.sg,gov.sg,SG,Singapore
pa-rengat.go.id,go.id,ID,Indonesia
chiangmaihealth.go.th,go.th,TH,Thailand
mataramkota.go.id,go.id,ID,Indonesia
kemas.gov.my,gov.my,MY,Malaysia
sie.gov.hk,gov.hk,HK,Hong Kong
shakopeemn.gov,gov,US,United States of America
cockatooisland.gov.au,gov.au,AU,Australia
rentascordoba.gob.ar,gob.ar,AR,Argentina
baltimorecity.gov,gov,US,United States of America
belfastcity.gov.uk,gov.uk,GB,United Kingdom
climatechangeauthority.gov.au,gov.au,AU,Australia
leoncountyfl.gov,gov,US,United States of America
rowancountync.gov,gov,US,United States of America
ama.ab.ca,ab.ca,CA,Canada
scotlandspeople.gov.uk,gov.uk,GB,United Kingdom
sgc.gov.co,gov.co,CO,Colombia
lipi.go.id,go.id,ID,Indonesia
rba.gov.au,gov.au,AU,Australia
positiva.gov.co,gov.co,CO,Colombia
industrialchemicals.gov.au,gov.au,AU,Australia
iowaagriculture.gov,gov,US,United States of America
nea.gov.sg,gov.sg,SG,Singapore
onepa.gov.sg,gov.sg,SG,Singapore
mhpod.gov.au,gov.au,AU,Australia
camelclub.gov.sa,gov.sa,SA,Saudi Arabia
rutland.gov.uk,gov.uk,GB,United Kingdom
ofgem.gov.uk,gov.uk,GB,United Kingdom
rockvillemd.gov,gov,US,United States of America
mymaineconnection.gov,gov,US,United States of America
highpointnc.gov,gov,US,United States of America
oversight.gov,gov,US,United States of America
getinternet.gov,gov,US,United States of America
budget.gov,gov,US,United States of America
buildbackbetter.gov,gov,US,United States of America
eop.gov,gov,US,United States of America
crisisnextdoor.gov,gov,US,United States of America
wh.gov,gov,US,United States of America
whitehousedrugpolicy.gov,gov,US,United States of America
omb.gov,gov,US,United States of America
supremecourt.gov,gov,US,United States of America
clevelandohio.gov,gov,US,United States of America
bls.gov,gov,US,United States of America
digitizationguidelines.gov,gov,US,United States of America
section108.gov,gov,US,United States of America
ccb.gov,gov,US,United States of America
read.gov,gov,US,United States of America
admincourt.go.th,go.th,TH,Thailand
kcph.go.th,go.th,TH,Thailand
isomer.gov.sg,gov.sg,SG,Singapore
royalcommission.gov.au,gov.au,AU,Australia
mi.gov,gov,US,United States of America
warwickshire.gov.uk,gov.uk,GB,United Kingdom
floridadep.gov,gov,US,United States of America
rbkc.gov.uk,gov.uk,GB,United Kingdom
labanda.gob.ar,gob.ar,AR,Argentina
pa-banyuwangi.go.id,go.id,ID,Indonesia
sumtercountyfl.gov,gov,US,United States of America
naa.gov.au,gov.au,AU,Australia
eastherts.gov.uk,gov.uk,GB,United Kingdom
lsc.gov,gov,US,United States of America
mohe.gov.my,gov.my,MY,Malaysia
gbrmpa.gov.au,gov.au,AU,Australia
portailpro.gouv.fr,gouv.fr,FR,France
limitesmaritimes.gouv.fr,gouv.fr,FR,France
maritimelimits.gouv.fr,gouv.fr,FR,France
selectagents.gov,gov,US,United States of America
sports.gouv.fr,gouv.fr,FR,France
bathnes.gov.uk,gov.uk,GB,United Kingdom
farmers.gov,gov,US,United States of America
pucsl.gov.lk,gov.lk,LK,Sri Lanka
paslc.gov,gov,US,United States of America
njib.gov,gov,US,United States of America
sec.gov,gov,US,United States of America
alloprof.qc.ca,qc.ca,CA,Canada
waverley.gov.uk,gov.uk,GB,United Kingdom
trumbull-ct.gov,gov,US,United States of America
env.go.jp,go.jp,JP,Japan
huntingtonbeachca.gov,gov,US,United States of America
wellington.govt.nz,govt.nz,NZ,New Zealand
hamilton.govt.nz,govt.nz,NZ,New Zealand
moh.gov.my,gov.my,MY,Malaysia
digipay.gov.in,gov.in,IN,India
bts.gov,gov,US,United States of America
sunpasit.go.th,go.th,TH,Thailand
waimakariri.govt.nz,govt.nz,NZ,New Zealand
nrc.govt.nz,govt.nz,NZ,New Zealand
panynj.gov,gov,US,United States of America
bharatpurhospital.gov.np,gov.np,NP,Nepal
dmi.gov.ae,gov.ae,AE,United Arab Emirates
dnc.gov.sg,gov.sg,SG,Singapore
central-la.gov,gov,US,United States of America
silversupport.gov.sg,gov.sg,SG,Singapore
syariahcourt.gov.sg,gov.sg,SG,Singapore
kes.ns.ca,ns.ca,CA,Canada
mr.gov.il,gov.il,IL,Israel
northern.on.ca,on.ca,CA,Canada
ntp.gov.sg,gov.sg,SG,Singapore
nyc.gov.sg,gov.sg,SG,Singapore
customs.go.kr,go.kr,KR,South Korea
kma.go.kr,go.kr,KR,South Korea
samhsa.gov,gov,US,United States of America
trade.gov,gov,US,United States of America
basildon.gov.uk,gov.uk,GB,United Kingdom
pencil.gov.in,gov.in,IN,India
bbg.gov,gov,US,United States of America
aucklandlibraries.govt.nz,govt.nz,NZ,New Zealand
moe.gov.sa,gov.sa,SA,Saudi Arabia
oticon.qc.ca,qc.ca,CA,Canada
ric.gov.au,gov.au,AU,Australia
horizons.govt.nz,govt.nz,NZ,New Zealand
coventry.gov.uk,gov.uk,GB,United Kingdom
lavoro.gov.it,gov.it,IT,Italy
dswd.gov.ph,gov.ph,PH,Philippines
usastaffing.gov,gov,US,United States of America
towerhamlets.gov.uk,gov.uk,GB,United Kingdom
nfsa.gov.au,gov.au,AU,Australia
baldwincountyal.gov,gov,US,United States of America
nac.gov.sg,gov.sg,SG,Singapore
majalengkakab.go.id,go.id,ID,Indonesia
affordableconnectivity.gov,gov,US,United States of America
defense.gov,gov,US,United States of America
floridahealth.gov,gov,US,United States of America
crysa.bc.ca,bc.ca,CA,Canada
reginfo.gov,gov,US,United States of America
pa-tangerangkota.go.id,go.id,ID,Indonesia
linz.govt.nz,govt.nz,NZ,New Zealand
sanjoseca.gov,gov,US,United States of America
colchester.gov.uk,gov.uk,GB,United Kingdom
usich.gov,gov,US,United States of America
secretservice.gov,gov,US,United States of America
westsussex.gov.uk,gov.uk,GB,United Kingdom
safran.qc.ca,qc.ca,CA,Canada
septentrion.qc.ca,qc.ca,CA,Canada
cspi.qc.ca,qc.ca,CA,Canada
conestogac.on.ca,on.ca,CA,Canada
usajobs.gov,gov,US,United States of America
esafety.gov.au,gov.au,AU,Australia
cambrian.mb.ca,mb.ca,CA,Canada
paskenta-nsn.gov,gov,US,United States of America
beis.gov.uk,gov.uk,GB,United Kingdom
llm.gov.my,gov.my,MY,Malaysia
rctcbc.gov.uk,gov.uk,GB,United Kingdom
direct.gov.uk,gov.uk,GB,United Kingdom
kemenkumham.go.id,go.id,ID,Indonesia
boprc.govt.nz,govt.nz,NZ,New Zealand
abc.gob.bo,gob.bo,BO,Bolivia
sdrpy.gov.sa,gov.sa,SA,Saudi Arabia
educateiowa.gov,gov,US,United States of America
pa-banggai.go.id,go.id,ID,Indonesia
pa-pandeglang.go.id,go.id,ID,Indonesia
pa-pariaman.go.id,go.id,ID,Indonesia
pa-rangkasbitung.go.id,go.id,ID,Indonesia
mites.gob.es,gob.es,ES,Spain
ms-langsa.go.id,go.id,ID,Indonesia
cea.gov.cn,gov.cn,CN,China
celina-tx.gov,gov,US,United States of America
maricopa.gov,gov,US,United States of America
sgi.sk.ca,sk.ca,CA,Canada
inca.gov.br,gov.br,BR,Brazil
ccf.gov.lk,gov.lk,LK,Sri Lanka
lsb.gov.la,gov.la,LA,Laos
treasury.gov.au,gov.au,AU,Australia
aofm.gov.au,gov.au,AU,Australia
ms-kualasimpang.go.id,go.id,ID,Indonesia
ppsr.gov.au,gov.au,AU,Australia
hp.gov.in,gov.in,IN,India
franklinwi.gov,gov,US,United States of America
ftc.gov,gov,US,United States of America
maff.go.jp,go.jp,JP,Japan
pa-sambas.go.id,go.id,ID,Indonesia
forest.gov.tw,gov.tw,TW,Taiwan
ntis.go.kr,go.kr,KR,South Korea
bps.go.id,go.id,ID,Indonesia
archives.gov,gov,US,United States of America
eugene-or.gov,gov,US,United States of America
test-for-coronavirus.service.gov.uk,gov.uk,GB,United Kingdom
aihw.gov.au,gov.au,AU,Australia
ntia.gov,gov,US,United States of America
baaqmd.gov,gov,US,United States of America
flyhealthy.gov,gov,US,United States of America
seg-social.gob.es,gob.es,ES,Spain
cefia-dp.go.jp,go.jp,JP,Japan
metrodela80.gov.co,gov.co,CO,Colombia
metrodemedellin.gov.co,gov.co,CO,Colombia
agmarknet.gov.in,gov.in,IN,India
agri.gov.eg,gov.eg,EG,Egypt
batan.go.id,go.id,ID,Indonesia
ivv.gov.pt,gov.pt,PT,Portugal
apps.gov.in,gov.in,IN,India
bombanakab.go.id,go.id,ID,Indonesia
bovendigoelkab.go.id,go.id,ID,Indonesia
hf.go.kr,go.kr,KR,South Korea
pa-bangkalan.go.id,go.id,ID,Indonesia
pa-bangkinang.go.id,go.id,ID,Indonesia
pa-cilegon.go.id,go.id,ID,Indonesia
pa-muarasabak.go.id,go.id,ID,Indonesia
pa-serang.go.id,go.id,ID,Indonesia
pa-tigaraksa.go.id,go.id,ID,Indonesia
panchayataward.gov.in,gov.in,IN,India
panchayatonline.gov.in,gov.in,IN,India
cecn.gov.cn,gov.cn,CN,China
ceikerala.gov.in,gov.in,IN,India
shandong.gov.cn,gov.cn,CN,China
pch.go.th,go.th,TH,Thailand
energy.gov.lk,gov.lk,LK,Sri Lanka
changzhou.gov.cn,gov.cn,CN,China
smecorp.gov.my,gov.my,MY,Malaysia
congresoson.gob.mx,gob.mx,MX,Mexico
stat.gov.mk,gov.mk,MK,North Macedonia
stcmis.gov.in,gov.in,IN,India
rda.gov.lk,gov.lk,LK,Sri Lanka
cztn.gov.cn,gov.cn,CN,China
kejari-jaktim.go.id,go.id,ID,Indonesia
rgmwb.gov.in,gov.in,IN,India
xam.gov.cn,gov.cn,CN,China
xizang.gov.cn,gov.cn,CN,China
xn--oramentofederal-fmb.gov.br,gov.br,BR,Brazil
nrlm.gov.in,gov.in,IN,India
ntdcp.go.tz,go.tz,TZ,Tanzania
owwa.gov.ph,gov.ph,PH,Philippines
taian.gov.cn,gov.cn,CN,China
miamigardens-fl.gov,gov,US,United States of America
minedu.gov.gr,gov.gr,GR,Greece
ucr.gov,gov,US,United States of America
brentwoodtn.gov,gov,US,United States of America
justice.gov,gov,US,United States of America
nhb.gov.sg,gov.sg,SG,Singapore
nightfestival.gov.sg,gov.sg,SG,Singapore
south-norfolk.gov.uk,gov.uk,GB,United Kingdom
saturne.qc.ca,qc.ca,CA,Canada
orangecountync.gov,gov,US,United States of America
surgeongeneral.gov,gov,US,United States of America
mountainview.gov,gov,US,United States of America
redtulum.gob.ar,gob.ar,AR,Argentina
cssd.ab.ca,ab.ca,CA,Canada
weather.gov,gov,US,United States of America
usaspending.gov,gov,US,United States of America
azcc.gov,gov,US,United States of America
ayush.gov.in,gov.in,IN,India
princegeorgescountymd.gov,gov,US,United States of America
tempe.gov,gov,US,United States of America
nparks.gov.sg,gov.sg,SG,Singapore
piercecountywa.gov,gov,US,United States of America
moiat.gov.ae,gov.ae,AE,United Arab Emirates
leaguecitytx.gov,gov,US,United States of America
cityofomaha-ne.gov,gov,US,United States of America
cedarcreek.bc.ca,bc.ca,CA,Canada
jbmlogic.qc.ca,qc.ca,CA,Canada
sigtarp.gov,gov,US,United States of America
mymoney.gov,gov,US,United States of America
cabinetoffice.gov.uk,gov.uk,GB,United Kingdom
newcastlede.gov,gov,US,United States of America
vicentelopez.gov.ar,gov.ar,AR,Argentina
northridge.sk.ca,sk.ca,CA,Canada
cornwall.gov.uk,gov.uk,GB,United Kingdom
arun.gov.uk,gov.uk,GB,United Kingdom
democraticleader.gov,gov,US,United States of America
grownjkids.gov,gov,US,United States of America
mtwashington.bc.ca,bc.ca,CA,Canada
vto.qc.ca,qc.ca,CA,Canada
plano.gov,gov,US,United States of America
fortlauderdale.gov,gov,US,United States of America
dcceew.gov.au,gov.au,AU,Australia
washoecounty.gov,gov,US,United States of America
visitnh.gov,gov,US,United States of America
guanajuato.gob.mx,gob.mx,MX,Mexico
cuyahogacounty.gov,gov,US,United States of America
miradigi.go.jp,go.jp,JP,Japan
rbnz.govt.nz,govt.nz,NZ,New Zealand
mida.gov.my,gov.my,MY,Malaysia
kapiticoast.govt.nz,govt.nz,NZ,New Zealand
brla.gov,gov,US,United States of America
frederickcountymd.gov,gov,US,United States of America
statelibraryofiowa.gov,gov,US,United States of America
tauranga.govt.nz,govt.nz,NZ,New Zealand
kent.gov.uk,gov.uk,GB,United Kingdom
oxfordshire.gov.uk,gov.uk,GB,United Kingdom
toteboard.gov.sg,gov.sg,SG,Singapore
southyorkshire-ca.gov.uk,gov.uk,GB,United Kingdom
lookinglocal.gov.uk,gov.uk,GB,United Kingdom
bouldercounty.gov,gov,US,United States of America
floodsmart.gov,gov,US,United States of America
culture.gov.gr,gov.gr,GR,Greece
nda.gov.uk,gov.uk,GB,United Kingdom
agedcarequality.gov.au,gov.au,AU,Australia
lebanonnh.gov,gov,US,United States of America
ausport.gov.au,gov.au,AU,Australia
osha.gov,gov,US,United States of America
iowaintex.gov,gov,US,United States of America
majorityleader.gov,gov,US,United States of America
dorsetcouncil.gov.uk,gov.uk,GB,United Kingdom
moreno.gob.ar,gob.ar,AR,Argentina
csa.gov.sg,gov.sg,SG,Singapore
openarms.gov.au,gov.au,AU,Australia
forcenet.gov.au,gov.au,AU,Australia
vaccines.gov,gov,US,United States of America
vacunas.gov,gov,US,United States of America
dekalbcountyga.gov,gov,US,United States of America
bexley.gov.uk,gov.uk,GB,United Kingdom
pgysa.bc.ca,bc.ca,CA,Canada
etfa.ab.ca,ab.ca,CA,Canada
taxandriasoccer.on.ca,on.ca,CA,Canada
iowacollegeaid.gov,gov,US,United States of America
iowaforms.gov,gov,US,United States of America
finance.gov.au,gov.au,AU,Australia
rbauction.qc.ca,qc.ca,CA,Canada
burienwa.gov,gov,US,United States of America
pima.gov,gov,US,United States of America
fairwork.gov.au,gov.au,AU,Australia
pepfar.gov,gov,US,United States of America
hamilton-oh.gov,gov,US,United States of America
mh.gob.sv,gob.sv,SV,El Salvador
kejaksaan.go.id,go.id,ID,Indonesia
nidlp.gov.sa,gov.sa,SA,Saudi Arabia
somervillema.gov,gov,US,United States of America
slc.gov,gov,US,United States of America
simplereport.gov,gov,US,United States of America
education.gov.in,gov.in,IN,India
mentalhealthcommission.gov.au,gov.au,AU,Australia
aaa.ab.ca,ab.ca,CA,Canada
barnet.gov.uk,gov.uk,GB,United Kingdom
screenaustralia.gov.au,gov.au,AU,Australia
teamup.gov.au,gov.au,AU,Australia
ecsrac.gov.za,gov.za,ZA,South Africa
ehawaii.gov,gov,US,United States of America
ahrq.gov,gov,US,United States of America
eppingforestdc.gov.uk,gov.uk,GB,United Kingdom
homeoffice.gov.uk,gov.uk,GB,United Kingdom
coloradosos.gov,gov,US,United States of America
nottinghamcity.gov.uk,gov.uk,GB,United Kingdom
technocompetences.qc.ca,qc.ca,CA,Canada
derby.gov.uk,gov.uk,GB,United Kingdom
tdra.gov.ae,gov.ae,AE,United Arab Emirates
ksdot.gov,gov,US,United States of America
iarpa.gov,gov,US,United States of America
intelligence.gov,gov,US,United States of America
seslp.gob.mx,gob.mx,MX,Mexico
ready.gov,gov,US,United States of America
river.go.jp,go.jp,JP,Japan
moreno.gov.ar,gov.ar,AR,Argentina
odni.gov,gov,US,United States of America
safercar.gov,gov,US,United States of America
sat.gob.mx,gob.mx,MX,Mexico
lincolnshire.gov.uk,gov.uk,GB,United Kingdom
orl.bc.ca,bc.ca,CA,Canada
moc.gov.sa,gov.sa,SA,Saudi Arabia
opm.gov,gov,US,United States of America
lynchburgva.gov,gov,US,United States of America
ndis.gov.au,gov.au,AU,Australia
nic.bc.ca,bc.ca,CA,Canada
infrastructureaustralia.gov.au,gov.au,AU,Australia
illinoistreasurer.gov,gov,US,United States of America
calvertcountymd.gov,gov,US,United States of America
kedah.gov.my,gov.my,MY,Malaysia
fdean.gov.uk,gov.uk,GB,United Kingdom
maharashtra.gov.in,gov.in,IN,India
cotswold.gov.uk,gov.uk,GB,United Kingdom
datos.gob.mx,gob.mx,MX,Mexico
prosperafrica.gov,gov,US,United States of America
floridapace.gov,gov,US,United States of America
cfpb.gov,gov,US,United States of America
mariettaga.gov,gov,US,United States of America
covingtonky.gov,gov,US,United States of America
surreycc.gov.uk,gov.uk,GB,United Kingdom
ahpra.gov.au,gov.au,AU,Australia
upa.qc.ca,qc.ca,CA,Canada
congress.gov,gov,US,United States of America
feux.qc.ca,qc.ca,CA,Canada
corenet.gov.sg,gov.sg,SG,Singapore
psa.gov.ph,gov.ph,PH,Philippines
produccion.gob.ar,gob.ar,AR,Argentina
cyber.gov.au,gov.au,AU,Australia
knoxcountytn.gov,gov,US,United States of America
montgomerycountyva.gov,gov,US,United States of America
middlesbrough.gov.uk,gov.uk,GB,United Kingdom
azgfd.gov,gov,US,United States of America
sgheritagefest.gov.sg,gov.sg,SG,Singapore
spca.bc.ca,bc.ca,CA,Canada
tepapa.govt.nz,govt.nz,NZ,New Zealand
industry.gov.au,gov.au,AU,Australia
dsta.gov.sg,gov.sg,SG,Singapore
commerce.gov,gov,US,United States of America
buckscounty.gov,gov,US,United States of America
scottsdaleaz.gov,gov,US,United States of America
biosecurity.gov.au,gov.au,AU,Australia
headtohealth.gov.au,gov.au,AU,Australia
ilrcc.ab.ca,ab.ca,CA,Canada
disasterassistance.gov,gov,US,United States of America
orr.gov.uk,gov.uk,GB,United Kingdom
parksaustralia.gov.au,gov.au,AU,Australia
mesaazpolice.gov,gov,US,United States of America
londoncouncils.gov.uk,gov.uk,GB,United Kingdom
kpk.go.id,go.id,ID,Indonesia
longmontcolorado.gov,gov,US,United States of America
hdb.gov.sg,gov.sg,SG,Singapore
ntis.gov,gov,US,United States of America
napier.govt.nz,govt.nz,NZ,New Zealand
colliercountyfl.gov,gov,US,United States of America
chesterfield.gov,gov,US,United States of America
jabarprov.go.id,go.id,ID,Indonesia
mohfw.gov.in,gov.in,IN,India
greenvillesc.gov,gov,US,United States of America
digital.gob.cl,gob.cl,CL,Chile
cambridgeshirepeterborough-ca.gov.uk,gov.uk,GB,United Kingdom
onslowcountync.gov,gov,US,United States of America
osti.gov,gov,US,United States of America
safetyandquality.gov.au,gov.au,AU,Australia
ntc.gov.gh,gov.gh,GH,Ghana
bucksfire.gov.uk,gov.uk,GB,United Kingdom
sta.gov.sa,gov.sa,SA,Saudi Arabia
cra.gov.qa,gov.qa,QA,Qatar
coronaca.gov,gov,US,United States of America
jpo.go.jp,go.jp,JP,Japan
portsmouthva.gov,gov,US,United States of America
codot.gov,gov,US,United States of America
servicesaustralia.gov.au,gov.au,AU,Australia
interno.gov.it,gov.it,IT,Italy
wcl.govt.nz,govt.nz,NZ,New Zealand
womenshealth.gov,gov,US,United States of America
psd.gov.sg,gov.sg,SG,Singapore
seminolecountyfl.gov,gov,US,United States of America
cityoflondon.gov.uk,gov.uk,GB,United Kingdom
voa.gov.uk,gov.uk,GB,United Kingdom
asio.gov.au,gov.au,AU,Australia
education.gov.au,gov.au,AU,Australia
export.gov,gov,US,United States of America
meti.go.jp,go.jp,JP,Japan
us-cert.gov,gov,US,United States of America
iaschoolperformance.gov,gov,US,United States of America
icmr.gov.in,gov.in,IN,India
intel.gov,gov,US,United States of America
bep.gov,gov,US,United States of America
iowasexoffender.gov,gov,US,United States of America
iowatest.gov,gov,US,United States of America
dpr.go.id,go.id,ID,Indonesia
juntos.gov,gov,US,United States of America
schoolsafety.gov,gov,US,United States of America
cdr.gov.au,gov.au,AU,Australia
sigpr.gov,gov,US,United States of America
singaporetourismawards.gov.sg,gov.sg,SG,Singapore
cip.gov.ua,gov.ua,UA,Ukraine
pmcares.gov.in,gov.in,IN,India
loda.gov.ua,gov.ua,UA,Ukraine
mha.gov.in,gov.in,IN,India
minocp.gov.gr,gov.gr,GR,Greece
reproductiverights.gov,gov,US,United States of America
visitukheritage.gov.uk,gov.uk,GB,United Kingdom
rural.gov,gov,US,United States of America
nabu.gov.ua,gov.ua,UA,Ukraine
myplate.gov,gov,US,United States of America
uscp.gov,gov,US,United States of America
together.gov,gov,US,United States of America
trainingproviderresults.gov,gov,US,United States of America
firescotland.gov.uk,gov.uk,GB,United Kingdom
coloradosprings.gov,gov,US,United States of America
cpshy.qc.ca,qc.ca,CA,Canada
miramarfl.gov,gov,US,United States of America
adur-worthing.gov.uk,gov.uk,GB,United Kingdom
doi.gov,gov,US,United States of America
kirklees.gov.uk,gov.uk,GB,United Kingdom
crb.gov,gov,US,United States of America
watertown-ma.gov,gov,US,United States of America
baycountyfl.gov,gov,US,United States of America
smartraveller.gov.au,gov.au,AU,Australia
cj.qc.ca,qc.ca,CA,Canada
corrections.govt.nz,govt.nz,NZ,New Zealand
woking.gov.uk,gov.uk,GB,United Kingdom
usdoj.gov,gov,US,United States of America
chulavistaca.gov,gov,US,United States of America
swa.gov.au,gov.au,AU,Australia
fauquiercounty.gov,gov,US,United States of America
infrastructure.gov.au,gov.au,AU,Australia
ohiohouse.gov,gov,US,United States of America
westerncape.gov.za,gov.za,ZA,South Africa
pmf.gov,gov,US,United States of America
westoxon.gov.uk,gov.uk,GB,United Kingdom
southampton.gov.uk,gov.uk,GB,United Kingdom
wokingham.gov.uk,gov.uk,GB,United Kingdom
orangatamariki.govt.nz,govt.nz,NZ,New Zealand
greydc.govt.nz,govt.nz,NZ,New Zealand
amp.gob.pa,gob.pa,PA,Panama
fortmyersbeachfl.gov,gov,US,United States of America
iaf.gov,gov,US,United States of America
ng.mil,mil,US,United States of America
dgda.gov.sa,gov.sa,SA,Saudi Arabia
sutton.gov.uk,gov.uk,GB,United Kingdom
mytn.gov,gov,US,United States of America
be.gov.ng,gov.ng,NG,Nigeria
waldos.on.ca,on.ca,CA,Canada
trade.gov.uk,gov.uk,GB,United Kingdom
newham.gov.uk,gov.uk,GB,United Kingdom
stats.govt.nz,govt.nz,NZ,New Zealand
bryantx.gov,gov,US,United States of America
dubaiculture.gov.ae,gov.ae,AE,United Arab Emirates
salud-oaxaca.gob.mx,gob.mx,MX,Mexico
htx.gov.sg,gov.sg,SG,Singapore
arlingtontx.gov,gov,US,United States of America
northumberland.gov.uk,gov.uk,GB,United Kingdom
texasattorneygeneral.gov,gov,US,United States of America
doe.gov.ae,gov.ae,AE,United Arab Emirates
creativenz.govt.nz,govt.nz,NZ,New Zealand
ealing.gov.uk,gov.uk,GB,United Kingdom
minciencias.gov.co,gov.co,CO,Colombia
karanganyarkab.go.id,go.id,ID,Indonesia
douglascounty-ne.gov,gov,US,United States of America
myinfo.gov.sg,gov.sg,SG,Singapore
bca.gov.sg,gov.sg,SG,Singapore
montgomerycountymd.gov,gov,US,United States of America
ceibal.gub.uy,gub.uy,UY,Uruguay
aemc.gov.au,gov.au,AU,Australia
myna.go.jp,go.jp,JP,Japan
ipc.on.ca,on.ca,CA,Canada
mpi.mb.ca,mb.ca,CA,Canada
bethlehem-pa.gov,gov,US,United States of America
capecoral.gov,gov,US,United States of America
defencejobs.gov.au,gov.au,AU,Australia
fitness.gov,gov,US,United States of America
mymedicare.gov,gov,US,United States of America
passioncard.gov.sg,gov.sg,SG,Singapore
digitalgov.gov,gov,US,United States of America
galvestontx.gov,gov,US,United States of America
everettwa.gov,gov,US,United States of America
essex.gov.uk,gov.uk,GB,United Kingdom
ncdhhs.gov,gov,US,United States of America
nm.gov,gov,US,United States of America
wichita.gov,gov,US,United States of America
environment.gov.au,gov.au,AU,Australia
nrsch.gov.au,gov.au,AU,Australia
fresno.gov,gov,US,United States of America
azed.gov,gov,US,United States of America
qualite.qc.ca,qc.ca,CA,Canada
vulekamali.gov.za,gov.za,ZA,South Africa
salatiga.go.id,go.id,ID,Indonesia
ashford.gov.uk,gov.uk,GB,United Kingdom
saffronwalden.gov.uk,gov.uk,GB,United Kingdom
ospe.on.ca,on.ca,CA,Canada
sportexchange.gov.au,gov.au,AU,Australia
afsa.gov.au,gov.au,AU,Australia
governmentlawyers.gov.au,gov.au,AU,Australia
santaclaraca.gov,gov,US,United States of America
cpsc.gov,gov,US,United States of America
mtjuliet-tn.gov,gov,US,United States of America
usmission.gov,gov,US,United States of America
auburnwa.gov,gov,US,United States of America
unioncountync.gov,gov,US,United States of America
aarogyasetu.gov.in,gov.in,IN,India
investhk.gov.hk,gov.hk,HK,Hong Kong
digitalprofession.gov.au,gov.au,AU,Australia
mapa.gob.es,gob.es,ES,Spain
easthamiltonradio.on.ca,on.ca,CA,Canada
thurrock.gov.uk,gov.uk,GB,United Kingdom
api.gouv.fr,gouv.fr,FR,France
australiacouncil.gov.au,gov.au,AU,Australia
speaker.gov,gov,US,United States of America
gowhere.gov.sg,gov.sg,SG,Singapore
woodstockga.gov,gov,US,United States of America
victoriatx.gov,gov,US,United States of America
alsa.mil,mil,US,United States of America
mbrhe.gov.ae,gov.ae,AE,United Arab Emirates
mahoningcountyoh.gov,gov,US,United States of America
charlesbruneau.qc.ca,qc.ca,CA,Canada
summerhill.bc.ca,bc.ca,CA,Canada
singaporeglobalnetwork.gov.sg,gov.sg,SG,Singapore
mofa.gov.qa,gov.qa,QA,Qatar
basingstoke.gov.uk,gov.uk,GB,United Kingdom
onemap.gov.sg,gov.sg,SG,Singapore
swansea.gov.uk,gov.uk,GB,United Kingdom
lhjmq.qc.ca,qc.ca,CA,Canada
westhartfordct.gov,gov,US,United States of America
deerparktx.gov,gov,US,United States of America
mcleancountyil.gov,gov,US,United States of America
hayward-ca.gov,gov,US,United States of America
justthinktwice.gov,gov,US,United States of America
energyrating.gov.au,gov.au,AU,Australia
agc.gov.sg,gov.sg,SG,Singapore
fedshirevets.gov,gov,US,United States of America
hcsheriff.gov,gov,US,United States of America
skgep.gov.ae,gov.ae,AE,United Arab Emirates
uaeglp.gov.ae,gov.ae,AE,United Arab Emirates
arts.gov.au,gov.au,AU,Australia
bsee.gov,gov,US,United States of America
gop.gov,gov,US,United States of America
classification.gov.au,gov.au,AU,Australia
bpa.gov,gov,US,United States of America
assembly.ab.ca,ab.ca,CA,Canada
nlb.gov.sg,gov.sg,SG,Singapore
lakeridgehealth.on.ca,on.ca,CA,Canada
ofwat.gov.uk,gov.uk,GB,United Kingdom
pub.gov.sg,gov.sg,SG,Singapore
fdot.gov,gov,US,United States of America
digitalpreservation.gov,gov,US,United States of America
jewishheritagemonth.gov,gov,US,United States of America
asianpacificheritage.gov,gov,US,United States of America
hispanicheritagemonth.gov,gov,US,United States of America
womenshistorymonth.gov,gov,US,United States of America
nativeamericanheritagemonth.gov,gov,US,United States of America
osinergmin.gob.pe,gob.pe,PE,Peru
gw.govt.nz,govt.nz,NZ,New Zealand
gobusiness.gov.sg,gov.sg,SG,Singapore
life.gov.sg,gov.sg,SG,Singapore
midlandtexas.gov,gov,US,United States of America
conabio.gob.mx,gob.mx,MX,Mexico
rbmha.on.ca,on.ca,CA,Canada
norfolk.gov,gov,US,United States of America
cwp.govt.nz,govt.nz,NZ,New Zealand
anmm.gov.au,gov.au,AU,Australia
pwcva.gov,gov,US,United States of America
northyorks.gov.uk,gov.uk,GB,United Kingdom
freightaustralia.gov.au,gov.au,AU,Australia
goredc.govt.nz,govt.nz,NZ,New Zealand
appleby.on.ca,on.ca,CA,Canada
rhondda-cynon-taf.gov.uk,gov.uk,GB,United Kingdom
rhondda-cynon-taff.gov.uk,gov.uk,GB,United Kingdom
hsc.on.ca,on.ca,CA,Canada
saude.gov.br,gov.br,BR,Brazil
airforce.gov.au,gov.au,AU,Australia
fletc.gov,gov,US,United States of America
consumer.gov,gov,US,United States of America
tsa.gov,gov,US,United States of America
happyvalleyor.gov,gov,US,United States of America
filmdubai.gov.ae,gov.ae,AE,United Arab Emirates
dha.gov.au,gov.au,AU,Australia
loon.gov.ph,gov.ph,PH,Philippines
nycourts.gov,gov,US,United States of America
paymenttimes.gov.au,gov.au,AU,Australia
jtc.gov.sg,gov.sg,SG,Singapore
haze.gov.sg,gov.sg,SG,Singapore
anao.gov.au,gov.au,AU,Australia
army.gov.au,gov.au,AU,Australia
presidencia.gob.mx,gob.mx,MX,Mexico
nhmrc.gov.au,gov.au,AU,Australia
cegep-matane.qc.ca,qc.ca,CA,Canada
getsmartaboutdrugs.gov,gov,US,United States of America
campusdrugprevention.gov,gov,US,United States of America
westofengland-ca.gov.uk,gov.uk,GB,United Kingdom
dpaa.mil,mil,US,United States of America
marines.mil,mil,US,United States of America
metc.mil,mil,US,United States of America
tricare.mil,mil,US,United States of America
hse.gov.uk,gov.uk,GB,United Kingdom
austrac.gov.au,gov.au,AU,Australia
centralbedfordshire.gov.uk,gov.uk,GB,United Kingdom
lutskrada.gov.ua,gov.ua,UA,Ukraine
havering.gov.uk,gov.uk,GB,United Kingdom
registraduria.gov.co,gov.co,CO,Colombia
icc.qc.ca,qc.ca,CA,Canada
aecb.gov.ae,gov.ae,AE,United Arab Emirates
glendaleca.gov,gov,US,United States of America
sarnialambton.on.ca,on.ca,CA,Canada
cdc.gov.sg,gov.sg,SG,Singapore
chingay.gov.sg,gov.sg,SG,Singapore
vaccine.gov.sg,gov.sg,SG,Singapore
ssi.gov.sg,gov.sg,SG,Singapore
ontarioca.gov,gov,US,United States of America
dcms.gov.uk,gov.uk,GB,United Kingdom
missouri.gov,gov,US,United States of America
allentownpa.gov,gov,US,United States of America
fcfcoa.gov.au,gov.au,AU,Australia
dcaa.mil,mil,US,United States of America
dfas.mil,mil,US,United States of America
dia.mil,mil,US,United States of America
jcs.mil,mil,US,United States of America
dtra.mil,mil,US,United States of America
cac.mil,mil,US,United States of America
pfpa.mil,mil,US,United States of America
nationalguard.mil,mil,US,United States of America
niti.gov.in,gov.in,IN,India
mynicehome.gov.sg,gov.sg,SG,Singapore
hpb.gov.sg,gov.sg,SG,Singapore
sdgdata.gov.uk,gov.uk,GB,United Kingdom
ngs.gov.mn,gov.mn,MN,Mongolia
login.gov,gov,US,United States of America
aecsp.qc.ca,qc.ca,CA,Canada
cqts.qc.ca,qc.ca,CA,Canada
milwaukeecountywi.gov,gov,US,United States of America
cpco.on.ca,on.ca,CA,Canada
normalil.gov,gov,US,United States of America
worcesterma.gov,gov,US,United States of America
institut-grasset.qc.ca,qc.ca,CA,Canada
dss.gov.au,gov.au,AU,Australia
rcu.gov.sa,gov.sa,SA,Saudi Arabia
redf.gov.sa,gov.sa,SA,Saudi Arabia
aat.gov.au,gov.au,AU,Australia
bd.gov.hk,gov.hk,HK,Hong Kong
lafayettela.gov,gov,US,United States of America
brooklinema.gov,gov,US,United States of America
braintreema.gov,gov,US,United States of America
stirling.gov.uk,gov.uk,GB,United Kingdom
bsp.gov.ph,gov.ph,PH,Philippines
scdps.gov,gov,US,United States of America
nmrc.gov.sg,gov.sg,SG,Singapore
transportation.gov,gov,US,United States of America
fremont.gov,gov,US,United States of America
gg.gov.au,gov.au,AU,Australia
grantspassoregon.gov,gov,US,United States of America
nsa.gov,gov,US,United States of America
acl.gov,gov,US,United States of America
medellin.gov.co,gov.co,CO,Colombia
comcom.govt.nz,govt.nz,NZ,New Zealand
etsauctions.govt.nz,govt.nz,NZ,New Zealand
southbendin.gov,gov,US,United States of America
northlincs.gov.uk,gov.uk,GB,United Kingdom
csce.gov,gov,US,United States of America
orc.govt.nz,govt.nz,NZ,New Zealand
elkrivermn.gov,gov,US,United States of America
ecologie.gouv.fr,gouv.fr,FR,France
stockport.gov.uk,gov.uk,GB,United Kingdom
mhesi.go.th,go.th,TH,Thailand
richmond.gov.uk,gov.uk,GB,United Kingdom
niem.gov,gov,US,United States of America
votezaletranger.gouv.fr,gouv.fr,FR,France
iponz.govt.nz,govt.nz,NZ,New Zealand
collegeahuntsic.qc.ca,qc.ca,CA,Canada
jacksonwy.gov,gov,US,United States of America
fallschurchva.gov,gov,US,United States of America
safeworkaustralia.gov.au,gov.au,AU,Australia
aging.gov,gov,US,United States of America
ahcpr.gov,gov,US,United States of America
betobaccofree.gov,gov,US,United States of America
globalhealth.gov,gov,US,United States of America
guideline.gov,gov,US,United States of America
guidelines.gov,gov,US,United States of America
pandemicflu.gov,gov,US,United States of America
everytrycounts.gov,gov,US,United States of America
coronavirus.gov,gov,US,United States of America
covid.gov,gov,US,United States of America
covidtest.gov,gov,US,United States of America
covidtests.gov,gov,US,United States of America
opioids.gov,gov,US,United States of America
therealcost.gov,gov,US,United States of America
thisfreelife.gov,gov,US,United States of America
tobacco.gov,gov,US,United States of America
prrd.bc.ca,bc.ca,CA,Canada
dvla.gov.uk,gov.uk,GB,United Kingdom
medlineplus.gov,gov,US,United States of America
bridgeportct.gov,gov,US,United States of America
abrs.gov.au,gov.au,AU,Australia
dems.gov,gov,US,United States of America
dese.gov.au,gov.au,AU,Australia
sci.gov.in,gov.in,IN,India
cecc.gov,gov,US,United States of America
majoritywhip.gov,gov,US,United States of America
nbib.gov,gov,US,United States of America
openworld.gov,gov,US,United States of America
ine.gob.cl,gob.cl,CL,Chile
sab.gov.qa,gov.qa,QA,Qatar
sgpc.gov.sg,gov.sg,SG,Singapore
pinal.gov,gov,US,United States of America
shoreviewmn.gov,gov,US,United States of America
seed.ab.ca,ab.ca,CA,Canada
sindicaturadetecate.gob.mx,gob.mx,MX,Mexico
moh.gov.sa,gov.sa,SA,Saudi Arabia
mti.gov.sg,gov.sg,SG,Singapore
mpi.govt.nz,govt.nz,NZ,New Zealand
usfj.mil,mil,US,United States of America
nro.gov,gov,US,United States of America
gloucestershire.gov.uk,gov.uk,GB,United Kingdom
qldc.govt.nz,govt.nz,NZ,New Zealand
redbridge.gov.uk,gov.uk,GB,United Kingdom
micultura.gob.pa,gob.pa,PA,Panama
horsham.gov.uk,gov.uk,GB,United Kingdom
csc.gov.sg,gov.sg,SG,Singapore
abr.gov.au,gov.au,AU,Australia
aclei.gov.au,gov.au,AU,Australia
ilsos.gov,gov,US,United States of America
dstl.gov.uk,gov.uk,GB,United Kingdom
jra.go.jp,go.jp,JP,Japan
davie-fl.gov,gov,US,United States of America
jjwc.gov.ph,gov.ph,PH,Philippines
consumidor.gov,gov,US,United States of America
militaryconsumer.gov,gov,US,United States of America
usi.gov.au,gov.au,AU,Australia
ogb.go.jp,go.jp,JP,Japan
academos.qc.ca,qc.ca,CA,Canada
cbm.ab.ca,ab.ca,CA,Canada
iris-recherche.qc.ca,qc.ca,CA,Canada
hillsboro-oregon.gov,gov,US,United States of America
govcms.gov.au,gov.au,AU,Australia
pflugervilletx.gov,gov,US,United States of America
bayareametro.gov,gov,US,United States of America
pay.gov,gov,US,United States of America
notarise.gov.sg,gov.sg,SG,Singapore
plymouth.gov.uk,gov.uk,GB,United Kingdom
narragansettri.gov,gov,US,United States of America
thecolonytx.gov,gov,US,United States of America
wellingtoncolorado.gov,gov,US,United States of America
peakdistrict.gov.uk,gov.uk,GB,United Kingdom
solihull.gov.uk,gov.uk,GB,United Kingdom
davao-water.gov.ph,gov.ph,PH,Philippines
chileatiende.gob.cl,gob.cl,CL,Chile
ssg-wsg.gov.sg,gov.sg,SG,Singapore
democraticwhip.gov,gov,US,United States of America
cbd.gov.au,gov.au,AU,Australia
prl.ab.ca,ab.ca,CA,Canada
ircm.qc.ca,qc.ca,CA,Canada
sma.gob.cl,gob.cl,CL,Chile
charleston-sc.gov,gov,US,United States of America
kingcountyhazwastewa.gov,gov,US,United States of America
irycdecoahuila.gob.mx,gob.mx,MX,Mexico
cgihouston.gov.in,gov.in,IN,India
mia.gov.to,gov.to,TO,Tonga
registropropiedadpuertoquito.gob.ec,gob.ec,EC,Ecuador
registropublicocoahuila.gob.mx,gob.mx,MX,Mexico
tacachico.gob.sv,gob.sv,SV,El Salvador
apostilla.gob.cl,gob.cl,CL,Chile
aset.ab.ca,ab.ca,CA,Canada
ohioattorneygeneral.gov,gov,US,United States of America
dodlive.mil,mil,US,United States of America
stearnscountymn.gov,gov,US,United States of America
otcep.gov.sg,gov.sg,SG,Singapore
humanservices.gov.au,gov.au,AU,Australia
culture-quebec.qc.ca,qc.ca,CA,Canada
nevadacountyca.gov,gov,US,United States of America
tandridge.gov.uk,gov.uk,GB,United Kingdom
reading.gov.uk,gov.uk,GB,United Kingdom
stcharlesil.gov,gov,US,United States of America
cleanenergyregulator.gov.au,gov.au,AU,Australia
staffordcountyva.gov,gov,US,United States of America
bracknell-forest.gov.uk,gov.uk,GB,United Kingdom
concordia.ab.ca,ab.ca,CA,Canada
imls.gov,gov,US,United States of America
sciencepresse.qc.ca,qc.ca,CA,Canada
carlsbadca.gov,gov,US,United States of America
vt.gov,gov,US,United States of America
comcare.gov.au,gov.au,AU,Australia
sugarlandtx.gov,gov,US,United States of America
sla.gov.sg,gov.sg,SG,Singapore
jccq.qc.ca,qc.ca,CA,Canada
authorisationmanager.gov.au,gov.au,AU,Australia
mygovid.gov.au,gov.au,AU,Australia
fma.govt.nz,govt.nz,NZ,New Zealand
mubakab.go.id,go.id,ID,Indonesia
dmh.go.th,go.th,TH,Thailand
dc3.mil,mil,US,United States of America
dcsa.mil,mil,US,United States of America
inherentresolve.mil,mil,US,United States of America
dhra.mil,mil,US,United States of America
dimoc.mil,mil,US,United States of America
jecc.mil,mil,US,United States of America
dspo.mil,mil,US,United States of America
southcom.mil,mil,US,United States of America
stratcom.mil,mil,US,United States of America
usfk.mil,mil,US,United States of America
norad.mil,mil,US,United States of America
defense.gouv.fr,gouv.fr,FR,France
local.gov.uk,gov.uk,GB,United Kingdom
wv.gov,gov,US,United States of America
jamescitycountyva.gov,gov,US,United States of America
campana.gov.ar,gov.ar,AR,Argentina
ptc.gov.sg,gov.sg,SG,Singapore
utahcounty.gov,gov,US,United States of America
pasto.gov.co,gov.co,CO,Colombia
camdencountyga.gov,gov,US,United States of America
carthagemo.gov,gov,US,United States of America
havergal.on.ca,on.ca,CA,Canada
pmo.gov.sg,gov.sg,SG,Singapore
verify.gov.sg,gov.sg,SG,Singapore
opendoc.gov.sg,gov.sg,SG,Singapore
southkesteven.gov.uk,gov.uk,GB,United Kingdom
montreal.qc.ca,qc.ca,CA,Canada
firestoneco.gov,gov,US,United States of America
cityofauburnwa.gov,gov,US,United States of America
sanmarcostx.gov,gov,US,United States of America
kdsg.gov.ng,gov.ng,NG,Nigeria
marinepests.gov.au,gov.au,AU,Australia
csro.gov.sg,gov.sg,SG,Singapore
cisa.gov,gov,US,United States of America
fish.gov.au,gov.au,AU,Australia
campana.gob.ar,gob.ar,AR,Argentina
greshamoregon.gov,gov,US,United States of America
cardique.gov.co,gov.co,CO,Colombia
darpa.mil,mil,US,United States of America
iowaattorneygeneral.gov,gov,US,United States of America
dod.mil,mil,US,United States of America
dss.mil,mil,US,United States of America
northmiamifl.gov,gov,US,United States of America
oni.gov.au,gov.au,AU,Australia
bizfile.gov.sg,gov.sg,SG,Singapore
anct.gouv.fr,gouv.fr,FR,France
humanrights.gov.au,gov.au,AU,Australia
whitman-ma.gov,gov,US,United States of America
yorbalindaca.gov,gov,US,United States of America
crbio06.gov.br,gov.br,BR,Brazil
sfda.gov.sa,gov.sa,SA,Saudi Arabia
acton-ma.gov,gov,US,United States of America
shreveportla.gov,gov,US,United States of America
defensesbirsttr.mil,mil,US,United States of America
ukhsa.gov.uk,gov.uk,GB,United Kingdom
delhi.gov.in,gov.in,IN,India
dia.govt.nz,govt.nz,NZ,New Zealand
fremontne.gov,gov,US,United States of America
childabuseroyalcommissionresponse.gov.au,gov.au,AU,Australia
colonialheightsva.gov,gov,US,United States of America
protectivesecurity.gov.au,gov.au,AU,Australia
nationalworkersmemorial.gov.au,gov.au,AU,Australia
rochestermn.gov,gov,US,United States of America
rpvca.gov,gov,US,United States of America
arlingtonma.gov,gov,US,United States of America
asd.gov.au,gov.au,AU,Australia
hsa.gov.sg,gov.sg,SG,Singapore
mincit.gov.co,gov.co,CO,Colombia
thepensionsregulator.gov.uk,gov.uk,GB,United Kingdom
sat.qc.ca,qc.ca,CA,Canada
flhsmv.gov,gov,US,United States of America
mcc.gov,gov,US,United States of America
moc.gov.il,gov.il,IL,Israel
northnorthants.gov.uk,gov.uk,GB,United Kingdom
feb.gov,gov,US,United States of America
kansas.gov,gov,US,United States of America
sarpy.gov,gov,US,United States of America
nzonair.govt.nz,govt.nz,NZ,New Zealand
defenseculture.mil,mil,US,United States of America
airdomainintelligence.mil,mil,US,United States of America
ise.gov,gov,US,United States of America
dodcui.mil,mil,US,United States of America
dodmantech.mil,mil,US,United States of America
jb.mil,mil,US,United States of America
jbsa.mil,mil,US,United States of America
jcu.mil,mil,US,United States of America
hacc.mil,mil,US,United States of America
jtf-spacedefense.mil,mil,US,United States of America
jtnc.mil,mil,US,United States of America
jwac.mil,mil,US,United States of America
cloud.mil,mil,US,United States of America
spacecom.mil,mil,US,United States of America
spaceforce.mil,mil,US,United States of America
prs.mil,mil,US,United States of America
cybercom.mil,mil,US,United States of America
repi.mil,mil,US,United States of America
whitehousecommsagency.mil,mil,US,United States of America
unc.mil,mil,US,United States of America
ngb.mil,mil,US,United States of America
westutx.gov,gov,US,United States of America
sandovalcountynm.gov,gov,US,United States of America
go.gov.sg,gov.sg,SG,Singapore
khda.gov.ae,gov.ae,AE,United Arab Emirates
osstf.on.ca,on.ca,CA,Canada
hospitalmilitar.gov.co,gov.co,CO,Colombia
harfordcountymd.gov,gov,US,United States of America
acic.gov.au,gov.au,AU,Australia
adcustoms.gov.ae,gov.ae,AE,United Arab Emirates
adda.gov.ae,gov.ae,AE,United Arab Emirates
added.gov.ae,gov.ae,AE,United Arab Emirates
igis.gov.au,gov.au,AU,Australia
ags.gov.au,gov.au,AU,Australia
incometax.gov.in,gov.in,IN,India
inlandrail.gov.au,gov.au,AU,Australia
investinabudhabi.gov.ae,gov.ae,AE,United Arab Emirates
dmt.gov.ae,gov.ae,AE,United Arab Emirates
doh.gov.ae,gov.ae,AE,United Arab Emirates
genetechnology.gov.au,gov.au,AU,Australia
hacienda.go.cr,go.cr,CR,Costa Rica
awe.gov.au,gov.au,AU,Australia
scmaf.gov.ae,gov.ae,AE,United Arab Emirates
cfpa.gov,gov,US,United States of America
chiefscientist.gov.au,gov.au,AU,Australia
stocktonca.gov,gov,US,United States of America
rda.gov.au,gov.au,AU,Australia
mfa.go.th,go.th,TH,Thailand
westernsydneyairport.gov.au,gov.au,AU,Australia
mofa.go.jp,go.jp,JP,Japan
mofaic.gov.ae,gov.ae,AE,United Arab Emirates
klimat.gov.pl,gov.pl,PL,Poland
rrcdr.gov.ae,gov.ae,AE,United Arab Emirates
rtirc.gov.au,gov.au,AU,Australia
nexi.go.jp,go.jp,JP,Japan
ypes.gov.gr,gov.gr,GR,Greece
zhic.gov.ae,gov.ae,AE,United Arab Emirates
norfolkisland.gov.au,gov.au,AU,Australia
ogtr.gov.au,gov.au,AU,Australia
truckbuyersguide.gov.au,gov.au,AU,Australia
workfare.gov.sg,gov.sg,SG,Singapore
bppt.go.id,go.id,ID,Indonesia
cegeptr.qc.ca,qc.ca,CA,Canada
aucklandcity.govt.nz,govt.nz,NZ,New Zealand
dda.gov.ae,gov.ae,AE,United Arab Emirates
westyorks-ca.gov.uk,gov.uk,GB,United Kingdom
hertsmere.gov.uk,gov.uk,GB,United Kingdom
malangkota.go.id,go.id,ID,Indonesia
cityofrochester.gov,gov,US,United States of America
healthit.gov,gov,US,United States of America
savannahga.gov,gov,US,United States of America
blainemn.gov,gov,US,United States of America
lagunahillsca.gov,gov,US,United States of America
oaa.on.ca,on.ca,CA,Canada
riocuarto.gov.ar,gov.ar,AR,Argentina
dubaifuture.gov.ae,gov.ae,AE,United Arab Emirates
dubai.gov.ae,gov.ae,AE,United Arab Emirates
pcs.on.ca,on.ca,CA,Canada
cyber.gov,gov,US,United States of America
nhpo.gov.au,gov.au,AU,Australia
flhealth.gov,gov,US,United States of America
addisontx.gov,gov,US,United States of America
brunswickmd.gov,gov,US,United States of America
ucc.on.ca,on.ca,CA,Canada
defenselink.mil,mil,US,United States of America
inao.gouv.fr,gouv.fr,FR,France
aic.gov.au,gov.au,AU,Australia
foreignminister.gov.au,gov.au,AU,Australia
investor.gov,gov,US,United States of America
forth.go.jp,go.jp,JP,Japan
doleta.gov,gov,US,United States of America
futurefund.gov.au,gov.au,AU,Australia
globalentry.gov,gov,US,United States of America
saferproducts.gov,gov,US,United States of America
aviationweather.gov,gov,US,United States of America
sanluisaz.gov,gov,US,United States of America
cancer.gov.co,gov.co,CO,Colombia
sebi.gov.in,gov.in,IN,India
castlepoint.gov.uk,gov.uk,GB,United Kingdom
senecac.on.ca,on.ca,CA,Canada
cdpp.gov.au,gov.au,AU,Australia
employeeexpress.gov,gov,US,United States of America
ems.gov,gov,US,United States of America
cia.gov,gov,US,United States of America
president.gov.ua,gov.ua,UA,Ukraine
studentloans.gov,gov,US,United States of America
recalls.gov,gov,US,United States of America
supremecourtus.gov,gov,US,United States of America
moneyfactory.gov,gov,US,United States of America
msha.gov,gov,US,United States of America
nctc.gov,gov,US,United States of America
onguardonline.gov,gov,US,United States of America
tsunami.gov,gov,US,United States of America
filierebio.qc.ca,qc.ca,CA,Canada
thepost.on.ca,on.ca,CA,Canada
lacosta.gob.ar,gob.ar,AR,Argentina
thanet.gov.uk,gov.uk,GB,United Kingdom
nhvr.gov.au,gov.au,AU,Australia
de.gov,gov,US,United States of America
moi.gov.ae,gov.ae,AE,United Arab Emirates
personalise.gov.sg,gov.sg,SG,Singapore
airforcecadets.gov.au,gov.au,AU,Australia
gdc.govt.nz,govt.nz,NZ,New Zealand
nelson.govt.nz,govt.nz,NZ,New Zealand
gba.gob.ar,gob.ar,AR,Argentina
cityofwasilla.gov,gov,US,United States of America
sac.on.ca,on.ca,CA,Canada
caerphilly.gov.uk,gov.uk,GB,United Kingdom
rghenderson.on.ca,on.ca,CA,Canada
harborough.gov.uk,gov.uk,GB,United Kingdom
westsuffolk.gov.uk,gov.uk,GB,United Kingdom
richmondandwandsworth.gov.uk,gov.uk,GB,United Kingdom
sportaus.gov.au,gov.au,AU,Australia
goldenvalleymn.gov,gov,US,United States of America
indiainnewyork.gov.in,gov.in,IN,India
edb.gov.ae,gov.ae,AE,United Arab Emirates
on.gov.ng,gov.ng,NG,Nigeria
northamptonshire.gov.uk,gov.uk,GB,United Kingdom
cstx.gov,gov,US,United States of America
hbrc.govt.nz,govt.nz,NZ,New Zealand
welhat.gov.uk,gov.uk,GB,United Kingdom
cheshirewestandchester.gov.uk,gov.uk,GB,United Kingdom
abcqc.qc.ca,qc.ca,CA,Canada
smartnation.gov.sg,gov.sg,SG,Singapore
hta.gov.uk,gov.uk,GB,United Kingdom
istana.gov.sg,gov.sg,SG,Singapore
northportfl.gov,gov,US,United States of America
springfieldmo.gov,gov,US,United States of America
hilliardohio.gov,gov,US,United States of America
worksafe.govt.nz,govt.nz,NZ,New Zealand
ago.gov.sg,gov.sg,SG,Singapore
assb.gov.sg,gov.sg,SG,Singapore
businessgrants.gov.sg,gov.sg,SG,Singapore
pa.gov.sg,gov.sg,SG,Singapore
singstat.gov.sg,gov.sg,SG,Singapore
nrf.gov.sg,gov.sg,SG,Singapore
pacificwa.gov,gov,US,United States of America
ehamptonny.gov,gov,US,United States of America
alamedaca.gov,gov,US,United States of America
louisvilleco.gov,gov,US,United States of America
erieco.gov,gov,US,United States of America
lakevillemn.gov,gov,US,United States of America
claytonmo.gov,gov,US,United States of America
kontum.gov.vn,gov.vn,VN,Vietnam
cne.gob.ec,gob.ec,EC,Ecuador
sultraprov.go.id,go.id,ID,Indonesia
virginiabeach.gov,gov,US,United States of America
communities.gov.uk,gov.uk,GB,United Kingdom
gloucester-ma.gov,gov,US,United States of America
mitic.gov.py,gov.py,PY,Paraguay
lemontroyal.qc.ca,qc.ca,CA,Canada
electionsquebec.qc.ca,qc.ca,CA,Canada
ofa.on.ca,on.ca,CA,Canada
blackhistorymonth.gov,gov,US,United States of America
scijinks.gov,gov,US,United States of America
coralsprings.gov,gov,US,United States of America
pilot-qa.gov.bs,gov.bs,BS,Bahamas
sinaloa.gob.mx,gob.mx,MX,Mexico
customs.gov.sg,gov.sg,SG,Singapore
salisburync.gov,gov,US,United States of America
wenatcheewa.gov,gov,US,United States of America
ah.mil,mil,US,United States of America
lineaamica.gov.it,gov.it,IT,Italy
warriorcare.mil,mil,US,United States of America
quebec.qc.ca,qc.ca,CA,Canada
daimon.qc.ca,qc.ca,CA,Canada
gobiernodepozarica.gob.mx,gob.mx,MX,Mexico
legifrance.gouv.fr,gouv.fr,FR,France
milwaukieoregon.gov,gov,US,United States of America
bcrea.bc.ca,bc.ca,CA,Canada
bsn.go.id,go.id,ID,Indonesia
dpe.gob.ec,gob.ec,EC,Ecuador
kep.gov.gr,gov.gr,GR,Greece
brucesrecreation.nf.ca,nf.ca,CA,Canada
concrete-restoration.mb.ca,mb.ca,CA,Canada
smrj.go.jp,go.jp,JP,Japan
eastsuffolk.gov.uk,gov.uk,GB,United Kingdom
recreation.gov,gov,US,United States of America
rom.on.ca,on.ca,CA,Canada
poweringlives.gov.sg,gov.sg,SG,Singapore
cps.sk.ca,sk.ca,CA,Canada
fayetteville-ar.gov,gov,US,United States of America
stlouiscountymo.gov,gov,US,United States of America
kaipara.govt.nz,govt.nz,NZ,New Zealand
monroecounty-fl.gov,gov,US,United States of America
yourpension.gov.uk,gov.uk,GB,United Kingdom
lauzon.qc.ca,qc.ca,CA,Canada
diu.mil,mil,US,United States of America
tbc.qc.ca,qc.ca,CA,Canada
txdmv.gov,gov,US,United States of America
feedback.gov.sg,gov.sg,SG,Singapore
fvap.gov,gov,US,United States of America
gst.gov.in,gov.in,IN,India
carersallowance.service.gov.uk,gov.uk,GB,United Kingdom
universal-credit.service.gov.uk,gov.uk,GB,United Kingdom
eastriding.gov.uk,gov.uk,GB,United Kingdom
liverpool.gov.uk,gov.uk,GB,United Kingdom
government.gov.gr,gov.gr,GR,Greece
cityofkingman.gov,gov,US,United States of America
iworkhealth.gov.sg,gov.sg,SG,Singapore
gardencityfund.gov.sg,gov.sg,SG,Singapore
artsresourcehub.gov.sg,gov.sg,SG,Singapore
harmonyindiversitygallery.gov.sg,gov.sg,SG,Singapore
liveon.gov.sg,gov.sg,SG,Singapore
statecourts.gov.sg,gov.sg,SG,Singapore
stratatb.gov.sg,gov.sg,SG,Singapore
oneservice.gov.sg,gov.sg,SG,Singapore
lawsociety.bc.ca,bc.ca,CA,Canada
postman.gov.sg,gov.sg,SG,Singapore
bassetlaw.gov.uk,gov.uk,GB,United Kingdom
mara.gov.om,gov.om,OM,Oman
fitchburgwi.gov,gov,US,United States of America
southmiamifl.gov,gov,US,United States of America
ceaqueretaro.gob.mx,gob.mx,MX,Mexico
understandinguniversalcredit.gov.uk,gov.uk,GB,United Kingdom
surreyheath.gov.uk,gov.uk,GB,United Kingdom
mlaw.gov.sg,gov.sg,SG,Singapore
fco.gov.uk,gov.uk,GB,United Kingdom
london-fire.gov.uk,gov.uk,GB,United Kingdom
azores.gov.pt,gov.pt,PT,Portugal
burnley.gov.uk,gov.uk,GB,United Kingdom
fairfaxcounty.gov,gov,US,United States of America
threerivers.gov.uk,gov.uk,GB,United Kingdom
great-aycliffe.gov.uk,gov.uk,GB,United Kingdom
ons.gov.uk,gov.uk,GB,United Kingdom
losgatosca.gov,gov,US,United States of America
daknong.gov.vn,gov.vn,VN,Vietnam
nzqa.govt.nz,govt.nz,NZ,New Zealand
justice.gov.za,gov.za,ZA,South Africa
bradford.gov.uk,gov.uk,GB,United Kingdom
lakecountyohio.gov,gov,US,United States of America
education.gov.il,gov.il,IL,Israel
mecon.gob.ar,gob.ar,AR,Argentina
mod.gov.uk,gov.uk,GB,United Kingdom
regioncajamarca.gob.pe,gob.pe,PE,Peru
lunique.qc.ca,qc.ca,CA,Canada
chandleraz.gov,gov,US,United States of America
takeovers.gov.au,gov.au,AU,Australia
bolton.gov.uk,gov.uk,GB,United Kingdom
ugandainvest.go.ug,go.ug,UG,Uganda
bcpcouncil.gov.uk,gov.uk,GB,United Kingdom
concordnh.gov,gov,US,United States of America
wdc.govt.nz,govt.nz,NZ,New Zealand
nl.gob.mx,gob.mx,MX,Mexico
norwich.gov.uk,gov.uk,GB,United Kingdom
id.gov.sg,gov.sg,SG,Singapore
open.gov.sg,gov.sg,SG,Singapore
bancentral.gov.do,gov.do,DO,Dominican Republic
azdhs.gov,gov,US,United States of America
azdps.gov,gov,US,United States of America
taumataarowai.govt.nz,govt.nz,NZ,New Zealand
campbellcountyky.gov,gov,US,United States of America
danvilleva.gov,gov,US,United States of America
healthdirect.gov.au,gov.au,AU,Australia
millcreekwa.gov,gov,US,United States of America
omag.gov,gov,US,United States of America
ardsandnorthdown.gov.uk,gov.uk,GB,United Kingdom
8888.gov.ph,gov.ph,PH,Philippines
911.gov,gov,US,United States of America
abudhabi.gov.ae,gov.ae,AE,United Arab Emirates
fafsa.gov,gov,US,United States of America
acc.go.kr,go.kr,KR,South Korea
accord.gov.sg,gov.sg,SG,Singapore
ia.gov,gov,US,United States of America
iahealthlink.gov,gov,US,United States of America
iasc.gov.au,gov.au,AU,Australia
ibb.gov,gov,US,United States of America
acn.gov.it,gov.it,IT,Italy
icjointduty.gov,gov,US,United States of America
darwellpubliclibrary.ab.ca,ab.ca,CA,Canada
iepf.gov.in,gov.in,IN,India
federalcourts.gov,gov,US,United States of America
federalprobation.gov,gov,US,United States of America
federalrules.gov,gov,US,United States of America
igb.gov.au,gov.au,AU,Australia
adsg.gov.ae,gov.ae,AE,United Arab Emirates
iglae.gov.au,gov.au,AU,Australia
fegli.gov,gov,US,United States of America
igwc.gov.au,gov.au,AU,Australia
aeic.gov.au,gov.au,AU,Australia
fiducie-desjardins.qc.ca,qc.ca,CA,Canada
bankruptcy.gov,gov,US,United States of America
defense.mil,mil,US,United States of America
aiffp.gov.au,gov.au,AU,Australia
airforce.gov.sg,gov.sg,SG,Singapore
bcfp.gov,gov,US,United States of America
deomi.mil,mil,US,United States of America
fleta.gov,gov,US,United States of America
desjardins-trust.qc.ca,qc.ca,CA,Canada
alderflatslibrary.ab.ca,ab.ca,CA,Canada
alertaenlinea.gov,gov,US,United States of America
inslm.gov.au,gov.au,AU,Australia
dewr.gov.au,gov.au,AU,Australia
intelligencecareers.gov,gov,US,United States of America
dgc.gov.it,gov.it,IT,Italy
internationalcybertech.gov.au,gov.au,AU,Australia
form.gov.gr,gov.gr,GR,Greece
forma.gov.gr,gov.gr,GR,Greece
fortassiniboinelibrary.ab.ca,ab.ca,CA,Canada
iowacleanair.gov,gov,US,United States of America
iowacore.gov,gov,US,United States of America
iowagreatplaces.gov,gov,US,United States of America
iowamissingpersons.gov,gov,US,United States of America
iowatitleguaranty.gov,gov,US,United States of America
ipp.gov,gov,US,United States of America
digitalidentity.gov.au,gov.au,AU,Australia
distracteddriving.gov,gov,US,United States of America
itc.gov.ae,gov.ae,AE,United Arab Emirates
amlc.gov.ph,gov.ph,PH,Philippines
fsc.gov.au,gov.au,AU,Australia
dncr.gov.sg,gov.sg,SG,Singapore
anchorit.gov,gov,US,United States of America
biometrics.gov,gov,US,United States of America
bitre.gov.au,gov.au,AU,Australia
donotcall.gov.sg,gov.sg,SG,Singapore
donotcallregistry.gov.sg,gov.sg,SG,Singapore
dontserveteens.gov,gov,US,United States of America
jasperlibrary.ab.ca,ab.ca,CA,Canada
anzlic.gov.au,gov.au,AU,Australia
blueridgelibrary.ab.ca,ab.ca,CA,Canada
apply-budgeting-loan.service.gov.uk,gov.uk,GB,United Kingdom
apply-for-new-style-jsa.service.gov.uk,gov.uk,GB,United Kingdom
apply-national-insurance-number.service.gov.uk,gov.uk,GB,United Kingdom
apply-new-style-employment-support-allowance.service.gov.uk,gov.uk,GB,United Kingdom
jftc.go.jp,go.jp,JP,Japan
apsacademy.gov.au,gov.au,AU,Australia
gearupiowa.gov,gov,US,United States of America
dsh.gov.au,gov.au,AU,Australia
jobjumpstart.gov.au,gov.au,AU,Australia
get-disability-work-support.service.gov.uk,gov.uk,GB,United Kingdom
get-state-pension.service.gov.uk,gov.uk,GB,United Kingdom
army.gov.sg,gov.sg,SG,Singapore
armycareers.gov.sg,gov.sg,SG,Singapore
armyopenhouse.gov.sg,gov.sg,SG,Singapore
js.mil,mil,US,United States of America
breastcancerriskfactors.gov.au,gov.au,AU,Australia
judicialconference.gov,gov,US,United States of America
bretonlibrary.ab.ca,ab.ca,CA,Canada
globalalumni.gov.au,gov.au,AU,Australia
globalaustralia.gov.au,gov.au,AU,Australia
atap.gov.au,gov.au,AU,Australia
saf.gov.sg,gov.sg,SG,Singapore
hccoombscentre.gov.au,gov.au,AU,Australia
budget.mil,mil,US,United States of America
safertruck.gov,gov,US,United States of America
buho.gov.co,gov.co,CO,Colombia
australianapprenticeships.gov.au,gov.au,AU,Australia
australianclinicaltrials.gov.au,gov.au,AU,Australia
australiangovernmentbonds.gov.au,gov.au,AU,Australia
australiantrainingawards.gov.au,gov.au,AU,Australia
australiasnaturehub.gov.au,gov.au,AU,Australia
salute.gov.it,gov.it,IT,Italy
butantan.gov.br,gov.br,BR,Brazil
aviationcomplaints.gov.au,gov.au,AU,Australia
avsef.gov.au,gov.au,AU,Australia
campmanitou.mb.ca,mb.ca,CA,Canada
eatforhealth.gov.au,gov.au,AU,Australia
cancerlearning.gov.au,gov.au,AU,Australia
schools.gov.sg,gov.sg,SG,Singapore
hmce.gov.uk,gov.uk,GB,United Kingdom
guaranteescheme.gov.au,gov.au,AU,Australia
guidancebreastcancer.gov.au,gov.au,AU,Australia
scpc.gov.ua,gov.ua,UA,Ukraine
careersinintelligence.gov.au,gov.au,AU,Australia
homelandsecurity.gov,gov,US,United States of America
sebabeachlibrary.ab.ca,ab.ca,CA,Canada
paf.mil.ph,mil.ph,PH,Philippines
palmscheme.gov.au,gov.au,AU,Australia
self-testing.gov.gr,gov.gr,GR,Greece
ekoportal.gov.pl,gov.pl,PL,Poland
send-fit-note.service.gov.uk,gov.uk,GB,United Kingdom
electioncostings.gov.au,gov.au,AU,Australia
elections.gov.sg,gov.sg,SG,Singapore
housedemocrats.gov,gov,US,United States of America
cbse.gov.in,gov.in,IN,India
howto.gov.gr,gov.gr,GR,Greece
ccpo.mil,mil,US,United States of America
services-exports.gov.au,gov.au,AU,Australia
cdn.gob.mx,gob.mx,MX,Mexico
hsr.gov,gov,US,United States of America
sfl.qc.ca,qc.ca,CA,Canada
sharetheroadsafely.gov,gov,US,United States of America
cfr.gov.au,gov.au,AU,Australia
pean.gov.au,gov.au,AU,Australia
eni.go.it,go.it,IT,Italy
people.mil,mil,US,United States of America
epic.gov,gov,US,United States of America
pfas.gov.au,gov.au,AU,Australia
child-maintenance.service.gov.uk,gov.uk,GB,United Kingdom
pigeonlakepubliclibrary.ab.ca,ab.ca,CA,Canada
evansburglibrary.ab.ca,ab.ca,CA,Canada
learningpotential.gov.au,gov.au,AU,Australia
civilaviation.gov.in,gov.in,IN,India
everify.gov,gov,US,United States of America
evisa.gov.et,gov.et,ET,Ethiopia
skillscommission.gov.au,gov.au,AU,Australia
evus.gov,gov,US,United States of America
cleveland-oh.gov,gov,US,United States of America
eyenote.gov,gov,US,United States of America
cni.gob.es,gob.es,ES,Spain
poolsafely.gov,gov,US,United States of America
licensediniowa.gov,gov,US,United States of America
smrc.gov.au,gov.au,AU,Australia
lifechecks.gov.au,gov.au,AU,Australia
listo.gov,gov,US,United States of America
consumerbureau.gov,gov,US,United States of America
consumerfinancial.gov,gov,US,United States of America
consumerfinancialprotectionbureau.gov,gov,US,United States of America
consumerprotection.gov,gov,US,United States of America
consumerprotectionbureau.gov,gov,US,United States of America
proecuador.gob.ec,gob.ec,EC,Ecuador
marketplace.gov.ae,gov.ae,AE,United Arab Emirates
sportintegrity.gov.au,gov.au,AU,Australia
protecciondelconsumidor.gov,gov,US,United States of America
protectyourmove.gov,gov,US,United States of America
counterfraud.gov.au,gov.au,AU,Australia
psr.gov.au,gov.au,AU,Australia
srodowisko.gov.pl,gov.pl,PL,Poland
covid19stats.gov.gr,gov.gr,GR,Greece
publichospitalfunding.gov.au,gov.au,AU,Australia
mayerthorpelibrary.ab.ca,ab.ca,CA,Canada
stateguarantee.gov.au,gov.au,AU,Australia
mdic.gov.br,gov.br,BR,Brazil
csircc.go.jp,go.jp,JP,Japan
csirt.gov.it,gov.it,IT,Italy
csr.gov.in,gov.in,IN,India
stopransomware.gov,gov,US,United States of America
ctp.go.cr,go.cr,CR,Costa Rica
meity.gov.in,gov.in,IN,India
warburglibrary.ab.ca,ab.ca,CA,Canada
cybercareers.gov,gov,US,United States of America
studyassist.gov.au,gov.au,AU,Australia
cybersecurity.gov,gov,US,United States of America
stylemanual.gov.au,gov.au,AU,Australia
waterquality.gov.au,gov.au,AU,Australia
waterrating.gov.au,gov.au,AU,Australia
readybusiness.gov,gov,US,United States of America
meto.gov.uk,gov.uk,GB,United Kingdom
supremecourt.gov.in,gov.in,IN,India
swanhillslibrary.ab.ca,ab.ca,CA,Canada
swaraksha.gov.in,gov.in,IN,India
minagric.gov.gr,gov.gr,GR,Greece
wetaskiwinpubliclibrary.ab.ca,ab.ca,CA,Canada
repay-manage-benefit-owed.service.gov.uk,gov.uk,GB,United Kingdom
report-benefit-fraud.service.gov.uk,gov.uk,GB,United Kingdom
republicanleader.gov,gov,US,United States of America
republicanwhip.gov,gov,US,United States of America
whistleblowers.gov,gov,US,United States of America
whitecourtlibrary.ab.ca,ab.ca,CA,Canada
resultadosba.gob.ar,gob.ar,AR,Argentina
szru.gov.ua,gov.ua,UA,Ukraine
miteco.gob.es,gob.es,ES,Spain
wildwoodlibrary.ab.ca,ab.ca,CA,Canada
valuation-tribunals.gov.uk,gov.uk,GB,United Kingdom
winfieldlibrary.ab.ca,ab.ca,CA,Canada
richvalleylibrary.ab.ca,ab.ca,CA,Canada
vdi.gov.lv,gov.lv,LV,Latvia
mofa-irc.go.jp,go.jp,JP,Japan
vehiclerecalls.gov.au,gov.au,AU,Australia
moj.gov.gr,gov.gr,GR,Greece
roadsafety.gov.au,gov.au,AU,Australia
workplace.gov,gov,US,United States of America
workplacepensions.gov.uk,gov.uk,GB,United Kingdom
veteransemployment.gov.au,gov.au,AU,Australia
mopocp.gov.gr,gov.gr,GR,Greece
wv457.gov,gov,US,United States of America
mpc.gov.au,gov.au,AU,Australia
rsaf.gov.sg,gov.sg,SG,Singapore
rsn.gov.sg,gov.sg,SG,Singapore
voladm.gov.ua,gov.ua,UA,Ukraine
volynrada.gov.ua,gov.ua,UA,Ukraine
vrb.gov.au,gov.au,AU,Australia
my2020census.gov,gov,US,United States of America
nathers.gov.au,gov.au,AU,Australia
nationalskillscommission.gov.au,gov.au,AU,Australia
nationalsportstribunal.gov.au,gov.au,AU,Australia
nationalwatergrid.gov.au,gov.au,AU,Australia
navy.gov.sg,gov.sg,SG,Singapore
navycareers.gov.sg,gov.sg,SG,Singapore
nca.gov.sg,gov.sg,SG,Singapore
ncp.gov.sa,gov.sa,SA,Saudi Arabia
ncsc.gov,gov,US,United States of America
ncsr.gov.au,gov.au,AU,Australia
ndear.gov.in,gov.in,IN,India
neerlandialibrary.ab.ca,ab.ca,CA,Canada
unionreports.gov,gov,US,United States of America
unlocktalent.gov,gov,US,United States of America
usbankruptcy.gov,gov,US,United States of America
usprobation.gov,gov,US,United States of America
usss.gov,gov,US,United States of America
usstratcom.mil,mil,US,United States of America
yourcareer.gov.au,gov.au,AU,Australia
yourhome.gov.au,gov.au,AU,Australia
nfra.gov.au,gov.au,AU,Australia
youthcorps.gov.sg,gov.sg,SG,Singapore
yrl.ab.ca,ab.ca,CA,Canada
nqwia.gov.au,gov.au,AU,Australia
nro.mil,mil,US,United States of America
officeofroadsafety.gov.au,gov.au,AU,Australia
onowaylibrary.ab.ca,ab.ca,CA,Canada
outbreak.gov.au,gov.au,AU,Australia
tcsisupport.gov.au,gov.au,AU,Australia
teachiowa.gov,gov,US,United States of America
telework.gov,gov,US,United States of America
